,med,med,med,med,med,med,med,med,med,med,med,med,med,params,params,params,params,params,params,params,game,game,med_freqs,med_freqs,med_freqs,med_freqs,med_freqs,med_freqs,med_freqs,med_freqs,med_freqs,med_freqs,med_freqs,med_freqs,med_freqs,agents,agents,agents,net,net,net,net,net,meta,meds,ws,ts
,NO_MED,GOOD_MED,BAD_MED,RANDOM_MED,FAIR_MED,GOOD_MED_X,BAD_MED_X,RANDOM_MED_X,FAIR_MED_X,GOOD_MED_LOCAL,BAD_MED_LOCAL,RANDOM_MED_LOCAL,FAIR_MED_LOCAL,W1,W2,N,episode_n,beta,k,endOnStratConverge,t,s,NO_MED,GOOD_MED,BAD_MED,RANDOM_MED,FAIR_MED,GOOD_MED_X,BAD_MED_X,RANDOM_MED_X,FAIR_MED_X,GOOD_MED_LOCAL,BAD_MED_LOCAL,RANDOM_MED_LOCAL,FAIR_MED_LOCAL,coop_freq,payoff_mean,payoff_var,dd,heterogeneity,k_max,rewire_n,stop_n,timestamp,,,
0,1.0,0.0,0.0,0.0,0.0,0.0,0.0,0.0,0.0,0.0,0.0,0.0,0.0,0.0,0.0,500,500000,0.005,30,True,2.0,-1.0,1.0,0.0,0.0,0.0,0.0,0.0,0.0,0.0,0.0,0.0,0.0,0.0,0.0,0.0,0.0,0.0,"[  0.   0.   0.   0.   0.   0.   0.   0.   0.   0.   0.   0.   0.   0.
   0.   0.   0.   0.   0.   0.   0.   0.   0.   0.   0.   0.   0.   0.
   0.   0. 500.]",0.0,30,0,55000,Aug-18-2021_1642,"('NO_MED',)","(0.0, 0.0)","(2.0, -1.0)"
1,1.0,0.0,0.0,0.0,0.0,0.0,0.0,0.0,0.0,0.0,0.0,0.0,0.0,0.526,0.0,500,500000,0.005,30,True,2.0,-1.0,1.0,0.0,0.0,0.0,0.0,0.0,0.0,0.0,0.0,0.0,0.0,0.0,0.0,0.0,0.0,0.0,"[ 0.  3.  1.  1.  0.  0.  3.  3.  2.  3.  3.  7.  6.  6.  7. 11.  7.  9.
 10. 14.  9. 16. 15. 15. 22. 14. 12. 16. 22. 16. 17. 16. 21. 15. 14.  8.
 12.  9. 11. 16.  9. 15. 10. 10. 11.  4.  7.  7.  3.  6.  4.  1.  2.  2.
  0.  0.  4.  3.  2.  1.  3.  0.  1.  0.  0.  1.  1.  0.  1.]",142.512,68,20792,75000,Aug-18-2021_1642,"('NO_MED',)","(0.526, 0.0)","(2.0, -1.0)"
2,1.0,0.0,0.0,0.0,0.0,0.0,0.0,0.0,0.0,0.0,0.0,0.0,0.0,1.053,0.0,500,500000,0.005,30,True,2.0,-1.0,1.0,0.0,0.0,0.0,0.0,0.0,0.0,0.0,0.0,0.0,0.0,0.0,0.0,0.0,0.0,0.0,"[  0. 202.  18.   5.   3.   1.   3.   4.   3.   1.   2.   4.   3.   3.
   0.   4.   3.   3.   5.   3.   1.   3.   2.   3.   4.   0.   0.   4.
   2.   2.   3.   4.   3.   1.   4.   4.   2.   5.   5.   2.   5.   1.
   6.   5.   2.   3.   1.   1.   5.   1.   1.   2.   4.   3.   3.   3.
   5.   4.   4.   3.   6.   2.   5.   2.   2.   2.   2.   3.   4.   3.
   4.   1.   4.   4.   4.   2.   0.   4.   2.   2.   4.   1.   2.   1.
   4.   2.   2.   1.   1.   4.   1.   0.   0.   1.   3.   2.   3.   1.
   1.   2.   2.   0.   0.   0.   2.   4.   0.   0.   0.   0.   0.   0.
   0.   1.   2.   0.   0.   0.   1.   2.   1.   0.   1.   0.   0.   0.
   1.   0.   0.   0.   0.   1.   1.   0.   0.   0.   1.]",1182.152,136,105323,370000,Aug-18-2021_1642,"('NO_MED',)","(1.053, 0.0)","(2.0, -1.0)"
3,1.0,0.0,0.0,0.0,0.0,0.0,0.0,0.0,0.0,0.0,0.0,0.0,0.0,1.579,0.0,500,500000,0.005,30,True,2.0,-1.0,1.0,0.0,0.0,0.0,0.0,0.0,0.0,0.0,0.0,0.0,0.0,0.0,0.0,0.0,0.0,0.0,"[  0. 180.  22.   9.   3.   5.   7.   2.   4.   6.   7.   0.   1.   3.
   4.   6.   2.   1.   3.   3.   2.   1.   4.   4.   3.   2.   4.   2.
   2.   7.   3.   2.   3.   3.   2.   2.   4.   1.   2.   2.   2.   1.
   5.   2.   2.   9.   2.   5.   6.   3.   3.   4.   1.   2.   4.   1.
   5.   5.   4.   3.   2.   5.   0.   5.   5.   2.   2.   0.   1.   1.
   7.   4.   2.   1.   1.   0.   2.   4.   2.   4.   5.   1.   0.   2.
   3.   1.   4.   1.   3.   2.   2.   1.   0.   1.   3.   1.   0.   3.
   0.   2.   2.   3.   1.   1.   1.   2.   1.   1.   0.   0.   0.   0.
   0.   2.   3.   0.   0.   1.   0.   0.   1.   0.   0.   0.   0.   0.
   0.   0.   0.   0.   1.   0.   1.   1.   0.   0.   1.]",1166.088,136,96610,295000,Aug-18-2021_1642,"('NO_MED',)","(1.579, 0.0)","(2.0, -1.0)"
4,1.0,0.0,0.0,0.0,0.0,0.0,0.0,0.0,0.0,0.0,0.0,0.0,0.0,2.105,0.0,500,500000,0.005,30,True,2.0,-1.0,1.0,0.0,0.0,0.0,0.0,0.0,0.0,0.0,0.0,0.0,0.0,0.0,0.0,1.0,30.0,346.008,"[ 0.  4.  3.  3.  4.  8.  9.  6.  9.  8.  6. 12. 13. 13. 16.  7. 15.  6.
  8. 15.  5. 12.  9. 13. 17. 16. 19. 10. 11. 11.  7. 13.  9. 11.  8.  7.
  7.  7.  8.  4.  7.  5.  5.  3.  5.  9.  7.  5.  4.  5.  5.  3.  1.  6.
  7.  1.  4.  1.  5.  2.  5.  4.  2.  1.  2.  1.  1.  1.  1.  3.  1.  1.
  5.  0.  0.  1.  0.  2.  2.  1.  1.  0.  0.  1.  0.  1.  0.  0.  0.  0.
  1.  0.  1.  0.  0.  0.  0.  1.  0.  0.  0.  0.  0.  0.  0.  0.  1.]",346.008,106,47255,395000,Aug-18-2021_1642,"('NO_MED',)","(2.105, 0.0)","(2.0, -1.0)"
5,1.0,0.0,0.0,0.0,0.0,0.0,0.0,0.0,0.0,0.0,0.0,0.0,0.0,2.632,0.0,500,500000,0.005,30,True,2.0,-1.0,1.0,0.0,0.0,0.0,0.0,0.0,0.0,0.0,0.0,0.0,0.0,0.0,0.0,1.0,30.0,408.444,"[ 0. 11.  8.  9.  5.  8.  9.  7.  9. 10. 10.  5.  9.  7.  8. 10.  7. 10.
  7. 13. 14.  9.  8. 13. 16. 12. 12. 12. 11. 13. 10.  8. 11.  8. 12. 11.
  8.  4.  7. 11.  6.  3.  6.  3.  7.  3.  6.  6.  8.  5.  2.  6.  4.  4.
  6.  2.  4.  2.  1.  1.  5.  3.  0.  2.  1.  3.  1.  3.  1.  1.  2.  1.
  3.  3.  1.  0.  1.  0.  0.  0.  1.  0.  2.  0.  0.  0.  2.  0.  0.  1.
  1.  0.  0.  0.  0.  1.  0.  0.  0.  0.  0.  0.  0.  1.  0.  0.  0.  0.
  0.  0.  1.  0.  0.  0.  0.  0.  0.  0.  0.  0.  1.  0.  0.  0.  0.  0.
  0.  0.  0.  0.  0.  0.  0.  1.]",408.444,133,42777,255000,Aug-18-2021_1642,"('NO_MED',)","(2.632, 0.0)","(2.0, -1.0)"
6,1.0,0.0,0.0,0.0,0.0,0.0,0.0,0.0,0.0,0.0,0.0,0.0,0.0,3.158,0.0,500,500000,0.005,30,True,2.0,-1.0,1.0,0.0,0.0,0.0,0.0,0.0,0.0,0.0,0.0,0.0,0.0,0.0,0.0,1.0,30.0,221.44,"[ 0.  0.  2.  0.  3.  5.  4.  3.  7.  3. 12.  7.  8.  8. 12. 12. 11. 10.
  8. 13. 16. 13. 11. 13. 17. 16. 14. 12. 15. 15. 18.  9. 10. 17.  7.  6.
 10.  9. 17.  9.  4.  7.  9.  8. 11.  4.  8.  1.  6.  4.  6.  4.  6.  2.
  1.  3.  3.  3.  3.  4.  2.  2.  1.  1.  2.  2.  2.  1.  1.  1.  1.  1.
  1.  0.  2.  0.  0.  0.  0.  0.  0.  0.  1.]",221.44,82,21690,180000,Aug-18-2021_1642,"('NO_MED',)","(3.158, 0.0)","(2.0, -1.0)"
7,1.0,0.0,0.0,0.0,0.0,0.0,0.0,0.0,0.0,0.0,0.0,0.0,0.0,3.684,0.0,500,500000,0.005,30,True,2.0,-1.0,1.0,0.0,0.0,0.0,0.0,0.0,0.0,0.0,0.0,0.0,0.0,0.0,0.0,1.0,30.0,446.56,"[ 0. 13.  2.  5.  8. 10.  9. 10.  8.  9. 10.  9. 14.  8.  8. 14.  6. 16.
 14. 15. 10. 11. 11.  7. 12. 11.  8.  8. 11.  4.  9.  9.  9. 12. 11. 11.
 10.  5. 11. 10.  3.  4.  5.  1.  5.  4.  5.  4.  3.  4.  5.  6.  1.  4.
  4.  3.  2.  1.  4.  2.  4.  1.  5.  1.  1.  1.  5.  3.  0.  2.  1.  4.
  1.  1.  3.  2.  0.  2.  0.  0.  0.  0.  0.  0.  0.  1.  2.  3.  1.  0.
  1.  1.  0.  0.  0.  0.  0.  1.  0.  1.  1.  0.  0.  0.  0.  0.  1.  0.
  0.  1.  0.  0.  0.  0.  0.  0.  0.  0.  0.  1.]",446.56,119,40087,255000,Aug-18-2021_1643,"('NO_MED',)","(3.684, 0.0)","(2.0, -1.0)"
8,1.0,0.0,0.0,0.0,0.0,0.0,0.0,0.0,0.0,0.0,0.0,0.0,0.0,4.211,0.0,500,500000,0.005,30,True,2.0,-1.0,1.0,0.0,0.0,0.0,0.0,0.0,0.0,0.0,0.0,0.0,0.0,0.0,0.0,1.0,30.0,293.8,"[ 0.  0.  1.  1.  3.  3.  5.  7.  7.  8. 16.  8. 11. 10. 13. 17. 14. 14.
  9. 11.  9. 11. 18. 11. 12. 13. 13. 13. 10. 14.  8. 11. 13.  9.  5. 16.
  9.  6.  5. 15.  4.  6.  5.  6.  6.  8.  6.  4.  8.  4.  4.  6.  3.  2.
  3.  2.  1.  1.  0.  4.  3.  2.  1.  0.  0.  3.  6.  3.  2.  0.  6.  2.
  1.  1.  1.  1.  1.  0.  0.  0.  0.  1.  1.  0.  0.  0.  1.  0.  0.  1.
  0.  0.  0.  0.  0.  1.]",293.8,95,24261,195000,Aug-18-2021_1643,"('NO_MED',)","(4.211, 0.0)","(2.0, -1.0)"
9,1.0,0.0,0.0,0.0,0.0,0.0,0.0,0.0,0.0,0.0,0.0,0.0,0.0,4.737,0.0,500,500000,0.005,30,True,2.0,-1.0,1.0,0.0,0.0,0.0,0.0,0.0,0.0,0.0,0.0,0.0,0.0,0.0,0.0,1.0,30.0,321.424,"[ 0.  1.  2.  3.  1.  6.  8.  6.  9.  6. 11.  6. 14.  7. 22. 13. 14. 12.
 15. 15. 21. 14. 10.  4. 10.  8. 11.  6. 12.  6. 11. 10. 10.  9. 11. 13.
 13.  8.  4.  7.  7.  8.  5.  7.  6.  6.  5.  6.  9.  5.  6.  4.  2.  3.
  1.  2.  5.  3.  3.  3.  3.  0.  0.  2.  1.  2.  2.  3.  0.  2.  0.  4.
  2.  1.  1.  0.  0.  3.  2.  1.  1.  0.  0.  0.  0.  2.  1.  0.  0.  0.
  0.  0.  0.  0.  0.  0.  1.  1.]",321.424,97,23110,235000,Aug-18-2021_1643,"('NO_MED',)","(4.737, 0.0)","(2.0, -1.0)"
10,1.0,0.0,0.0,0.0,0.0,0.0,0.0,0.0,0.0,0.0,0.0,0.0,0.0,5.263,0.0,500,500000,0.005,30,True,2.0,-1.0,1.0,0.0,0.0,0.0,0.0,0.0,0.0,0.0,0.0,0.0,0.0,0.0,0.0,1.0,30.0,322.14,"[ 0.  6.  3.  3.  3.  7.  4.  6.  4. 11.  7.  7.  6. 19. 12. 13. 17. 10.
 13. 13. 18. 10. 13. 10. 14.  3.  9. 11.  7. 19.  8.  9. 11. 13. 13.  7.
  9. 10.  5.  4.  7.  5.  6. 13.  6.  4.  5.  4.  2.  6.  6.  4.  4.  7.
  2.  6.  2.  3.  1.  3.  4.  3.  3.  5.  3.  1.  3.  1.  3.  0.  1.  0.
  0.  0.  1.  1.  1.  1.  0.  0.  0.  1.  0.  0.  0.  0.  0.  0.  0.  1.
  1.  0.  0.  0.  0.  0.  1.  0.  0.  1.  0.  0.  0.  0.  0.  0.  0.  0.
  0.  0.  0.  0.  0.  0.  0.  0.  0.  1.]",322.14,117,25942,265000,Aug-18-2021_1643,"('NO_MED',)","(5.263, 0.0)","(2.0, -1.0)"
11,1.0,0.0,0.0,0.0,0.0,0.0,0.0,0.0,0.0,0.0,0.0,0.0,0.0,5.789,0.0,500,500000,0.005,30,True,2.0,-1.0,1.0,0.0,0.0,0.0,0.0,0.0,0.0,0.0,0.0,0.0,0.0,0.0,0.0,1.0,30.0,213.456,"[ 0.  0.  2.  1.  1.  4.  3.  2.  0.  6.  6.  9. 13. 13. 13. 11. 15. 15.
  5. 14. 15. 16. 20. 10. 15. 13. 12. 15. 10.  9. 16. 14. 10.  8.  8. 10.
 10. 12.  8.  6.  6. 13.  9.  3.  7.  6.  6.  6.  8.  8. 10.  5.  4.  5.
  5.  1.  4.  5.  1.  3.  1.  3.  2.  0.  1.  3.  0.  0.  0.  1.  0.  0.
  0.  0.  1.  1.  1.  0.  0.  0.  0.  1.]",213.456,81,16959,150000,Aug-18-2021_1643,"('NO_MED',)","(5.789, 0.0)","(2.0, -1.0)"
12,1.0,0.0,0.0,0.0,0.0,0.0,0.0,0.0,0.0,0.0,0.0,0.0,0.0,6.316,0.0,500,500000,0.005,30,True,2.0,-1.0,1.0,0.0,0.0,0.0,0.0,0.0,0.0,0.0,0.0,0.0,0.0,0.0,0.0,1.0,30.0,576.172,"[ 0.  7.  9. 14.  4.  7. 10.  7. 11. 17.  5. 12. 18.  7. 12. 14.  6. 15.
 12.  8. 17.  6. 17. 16. 13.  8.  8.  8. 16.  8. 11.  3.  6.  5.  6.  6.
  3.  7.  8.  8.  4.  6.  4.  3.  6.  7.  2.  3.  2.  2.  4.  2.  3.  3.
  3.  2.  2.  4.  1.  1.  5.  2.  4.  2.  3.  0.  3.  3.  2.  0.  2.  1.
  4.  1.  1.  0.  1.  1.  1.  1.  1.  2.  1.  0.  1.  0.  0.  1.  1.  2.
  1.  0.  1.  1.  0.  0.  0.  0.  1.  0.  1.  0.  2.  0.  0.  2.  0.  1.
  0.  0.  1.  0.  0.  0.  0.  0.  1.  0.  0.  0.  0.  0.  0.  0.  0.  0.
  0.  0.  0.  0.  0.  0.  0.  1.  0.  0.  0.  0.  0.  0.  0.  0.  0.  1.
  0.  0.  0.  0.  0.  0.  0.  0.  0.  0.  1.]",576.172,154,40471,420000,Aug-18-2021_1643,"('NO_MED',)","(6.316, 0.0)","(2.0, -1.0)"
13,1.0,0.0,0.0,0.0,0.0,0.0,0.0,0.0,0.0,0.0,0.0,0.0,0.0,6.842,0.0,500,500000,0.005,30,True,2.0,-1.0,1.0,0.0,0.0,0.0,0.0,0.0,0.0,0.0,0.0,0.0,0.0,0.0,0.0,1.0,30.0,331.344,"[ 0.  0.  1.  0.  2.  6.  3. 10.  6.  8. 10.  8. 10. 10. 12. 18. 18. 22.
 16. 22. 22. 11. 11. 11. 12.  7.  7. 13.  4. 10. 12.  7. 11. 11.  9. 10.
  2.  4.  6.  5.  9.  5.  4.  6.  8.  6.  3.  9.  4.  1.  3.  3.  3.  2.
  7.  5.  7.  5.  2.  1.  3.  3.  1.  2.  3.  1.  3.  1.  0.  2.  1.  2.
  0.  2.  2.  1.  2.  0.  2.  1.  0.  2.  0.  2.  1.  0.  1.  1.  0.  0.
  0.  0.  0.  0.  0.  0.  0.  0.  0.  0.  0.  0.  0.  0.  1.]",331.344,104,20587,240000,Aug-18-2021_1643,"('NO_MED',)","(6.842, 0.0)","(2.0, -1.0)"
14,1.0,0.0,0.0,0.0,0.0,0.0,0.0,0.0,0.0,0.0,0.0,0.0,0.0,7.368,0.0,500,500000,0.005,30,True,2.0,-1.0,1.0,0.0,0.0,0.0,0.0,0.0,0.0,0.0,0.0,0.0,0.0,0.0,0.0,1.0,30.0,305.548,"[ 0.  0.  2.  2.  4.  5.  9.  6.  6. 11. 12. 12. 13. 13. 16. 11.  6. 15.
 14.  9. 10.  9. 11. 17. 12.  7.  8. 12.  6. 12.  9. 17. 14.  9. 12. 13.
  4.  5.  7.  9.  5.  5.  6.  6.  6. 10.  7.  3.  5.  5.  1.  2.  3.  2.
  9.  4.  4.  5.  3.  3.  3.  3.  5.  0.  5.  1.  0.  1.  0.  3.  4.  3.
  1.  0.  1.  0.  2.  1.  0.  1.  1.  0.  0.  2.]",305.548,83,17930,220000,Aug-18-2021_1643,"('NO_MED',)","(7.368, 0.0)","(2.0, -1.0)"
15,1.0,0.0,0.0,0.0,0.0,0.0,0.0,0.0,0.0,0.0,0.0,0.0,0.0,7.895,0.0,500,500000,0.005,30,True,2.0,-1.0,1.0,0.0,0.0,0.0,0.0,0.0,0.0,0.0,0.0,0.0,0.0,0.0,0.0,1.0,30.0,348.3,"[ 0.  0.  1.  5.  2.  5.  6.  9.  5. 10. 19.  8. 13. 11. 11. 11. 17. 14.
 16. 18. 13. 11. 11. 12. 14. 12.  7. 11.  9.  7. 10.  9.  9. 13.  8.  6.
  6.  5.  6. 11.  2.  4.  5.  8.  4.  6.  6.  3.  4.  3.  6.  6.  2.  7.
  8.  2.  3.  0.  3.  4.  0.  4.  5.  2.  3.  1.  2.  2.  2.  0.  3.  1.
  1.  1.  3.  1.  0.  0.  2.  1.  0.  2.  1.  0.  1.  1.  0.  1.  1.  0.
  0.  1.  0.  1.]",348.3,93,18780,140000,Aug-18-2021_1643,"('NO_MED',)","(7.895, 0.0)","(2.0, -1.0)"
16,1.0,0.0,0.0,0.0,0.0,0.0,0.0,0.0,0.0,0.0,0.0,0.0,0.0,8.421,0.0,500,500000,0.005,30,True,2.0,-1.0,1.0,0.0,0.0,0.0,0.0,0.0,0.0,0.0,0.0,0.0,0.0,0.0,0.0,1.0,30.0,429.112,"[ 0.  1.  3.  2.  4.  4. 10. 14.  7. 12. 15. 11.  9.  8. 14. 14. 12. 19.
 16. 14. 15.  9. 10. 17. 10. 14.  7. 10.  9. 12. 10.  6. 10.  9. 10.  6.
  9.  5.  4.  5.  7.  2.  5.  6.  5.  3.  2.  2.  4.  4.  2.  4.  4.  2.
  3.  2.  5.  5.  5.  5.  3.  2.  2.  1.  4.  3.  0.  1.  2.  0.  1.  2.
  0.  2.  1.  1.  1.  0.  0.  2.  0.  1.  4.  0.  1.  0.  3.  0.  0.  0.
  1.  1.  0.  1.  1.  1.  0.  1.  0.  0.  1.  0.  0.  0.  0.  1.  0.  0.
  0.  1.  0.  0.  1.]",429.112,112,22885,275000,Aug-18-2021_1643,"('NO_MED',)","(8.421, 0.0)","(2.0, -1.0)"
17,1.0,0.0,0.0,0.0,0.0,0.0,0.0,0.0,0.0,0.0,0.0,0.0,0.0,8.947,0.0,500,500000,0.005,30,True,2.0,-1.0,1.0,0.0,0.0,0.0,0.0,0.0,0.0,0.0,0.0,0.0,0.0,0.0,0.0,1.0,30.0,456.66,"[ 0.  4.  4.  2.  9.  5. 10.  8. 16. 11. 11. 19. 15. 10. 16. 17.  5. 14.
  8. 11. 12.  6.  6.  9. 14. 11.  8. 12. 12. 13.  5.  9.  6.  9.  4.  4.
 10. 10.  7.  8.  6.  8.  4.  6.  4.  6.  5.  2.  2.  3.  3.  0.  1.  2.
  6.  4.  2.  3.  7.  2.  3.  1.  5.  2.  2.  1.  1.  4.  2.  3.  1.  2.
  2.  2.  3.  1.  0.  3.  0.  2.  1.  2.  0.  1.  0.  0.  0.  0.  1.  0.
  0.  1.  0.  0.  0.  1.  0.  0.  0.  2.  0.  1.  0.  0.  1.  0.  0.  0.
  0.  1.  0.  0.  2.]",456.66,112,23492,300000,Aug-18-2021_1643,"('NO_MED',)","(8.947, 0.0)","(2.0, -1.0)"
18,1.0,0.0,0.0,0.0,0.0,0.0,0.0,0.0,0.0,0.0,0.0,0.0,0.0,9.474,0.0,500,500000,0.005,30,True,2.0,-1.0,1.0,0.0,0.0,0.0,0.0,0.0,0.0,0.0,0.0,0.0,0.0,0.0,0.0,1.0,30.0,312.46,"[ 0.  0.  1.  2.  4.  6. 14.  4. 18.  9.  8. 11.  9. 15.  8.  6. 11. 15.
  9.  8. 13. 16. 13. 14.  8. 10. 10. 15.  7. 14.  5. 13. 15. 12.  9.  9.
  8.  6.  6.  7.  6.  4.  5.  7.  4.  6.  6.  3.  7.  7.  1.  1.  5.  4.
  2.  5.  6.  8.  0.  4.  6.  5.  2.  1.  3.  4.  3.  2.  3.  1.  1.  2.
  1.  2.  0.  1.  0.  0.  1.  0.  0.  1.  0.  1.  0.  0.  0.  1.]",312.46,87,15608,205000,Aug-18-2021_1644,"('NO_MED',)","(9.474, 0.0)","(2.0, -1.0)"
19,1.0,0.0,0.0,0.0,0.0,0.0,0.0,0.0,0.0,0.0,0.0,0.0,0.0,10.0,0.0,500,500000,0.005,30,True,2.0,-1.0,1.0,0.0,0.0,0.0,0.0,0.0,0.0,0.0,0.0,0.0,0.0,0.0,0.0,1.0,30.0,408.524,"[ 0.  0.  4.  7.  4.  6.  6.  9. 18. 11. 12. 10. 11. 14. 12. 16. 12. 12.
  9. 17.  9.  7. 17. 15. 12. 11. 13.  7.  9.  6. 10.  7.  5.  5.  4.  6.
  8.  5.  9.  3.  7.  8.  9.  5. 11.  4.  2.  4.  5.  6.  3.  1.  4.  2.
  1.  5.  8.  2.  2.  1.  2.  1.  4.  1.  4.  1.  3.  0.  2.  3.  3.  2.
  3.  1.  2.  0.  0.  3.  1.  1.  2.  1.  0.  1.  5.  2.  1.  0.  0.  0.
  1.  0.  1.  0.  0.  1.]",408.524,95,20985,200000,Aug-18-2021_1644,"('NO_MED',)","(10.0, 0.0)","(2.0, -1.0)"
20,0.0,1.0,0.0,0.0,0.0,0.0,0.0,0.0,0.0,0.0,0.0,0.0,0.0,0.0,0.0,500,500000,0.005,30,True,2.0,-1.0,0.0,1.0,0.0,0.0,0.0,0.0,0.0,0.0,0.0,0.0,0.0,0.0,0.0,0.0,0.0,0.0,"[  0.   0.   0.   0.   0.   0.   0.   0.   0.   0.   0.   0.   0.   0.
   0.   0.   0.   0.   0.   0.   0.   0.   0.   0.   0.   0.   0.   0.
   0.   0. 500.]",0.0,30,0,65000,Aug-18-2021_1644,"('GOOD_MED',)","(0.0, 0.0)","(2.0, -1.0)"
21,0.0,1.0,0.0,0.0,0.0,0.0,0.0,0.0,0.0,0.0,0.0,0.0,0.0,0.526,0.0,500,500000,0.005,30,True,2.0,-1.0,0.0,1.0,0.0,0.0,0.0,0.0,0.0,0.0,0.0,0.0,0.0,0.0,0.0,0.482,14.6,288.164,"[ 0.  1.  0.  0.  0.  0.  1.  2.  2.  3.  2.  4.  5. 10.  6.  8.  7. 12.
  9. 16. 11. 10. 12. 12. 21. 25. 13. 22. 19. 21. 18. 17. 12. 20. 15. 24.
 11.  9. 16. 11. 10. 14.  7. 10.  7.  4.  4. 10.  4.  2.  2.  3.  0.  0.
  3.  5.  3.  1.  1.  1.  0.  0.  0.  0.  0.  1.  0.  0.  0.  0.  1.]",116.508,70,107735,499999,Aug-18-2021_1644,"('GOOD_MED',)","(0.526, 0.0)","(2.0, -1.0)"
22,0.0,1.0,0.0,0.0,0.0,0.0,0.0,0.0,0.0,0.0,0.0,0.0,0.0,1.053,0.0,500,500000,0.005,30,True,2.0,-1.0,0.0,1.0,0.0,0.0,0.0,0.0,0.0,0.0,0.0,0.0,0.0,0.0,0.0,0.618,18.82,268.516,"[ 0.  1.  0.  0.  0.  0.  0.  0.  2.  1.  1.  1.  4.  5.  7.  9.  6.  7.
  8.  8. 13. 26. 21. 25. 17. 15. 24. 24. 19. 20. 14. 18. 18. 14. 21. 15.
 12.  9. 14. 10. 16.  7.  6.  8.  7.  8.  5. 10.  5.  2.  2.  0.  2.  4.
  3.  3.  1.  1.  0.  1.]",98.584,59,102650,499999,Aug-18-2021_1644,"('GOOD_MED',)","(1.053, 0.0)","(2.0, -1.0)"
23,0.0,1.0,0.0,0.0,0.0,0.0,0.0,0.0,0.0,0.0,0.0,0.0,0.0,1.579,0.0,500,500000,0.005,30,True,2.0,-1.0,0.0,1.0,0.0,0.0,0.0,0.0,0.0,0.0,0.0,0.0,0.0,0.0,0.0,1.0,30.0,105.112,"[ 0.  0.  1.  0.  0.  0.  0.  0.  2.  0.  0.  3.  1.  6. 10.  4.  7.  6.
 15. 18. 10. 20. 13. 23. 26. 14. 24. 22. 22. 13. 22. 21. 16. 16. 16. 13.
 17. 15.  9. 13.  6.  6.  9.  8. 15.  3.  5.  3.  3.  4.  1.  2.  2.  5.
  1.  1.  2.  1.  0.  0.  0.  0.  0.  1.  1.  0.  0.  1.  0.  1.  0.  1.]",105.112,71,37103,350000,Aug-18-2021_1644,"('GOOD_MED',)","(1.579, 0.0)","(2.0, -1.0)"
24,0.0,1.0,0.0,0.0,0.0,0.0,0.0,0.0,0.0,0.0,0.0,0.0,0.0,2.105,0.0,500,500000,0.005,30,True,2.0,-1.0,0.0,1.0,0.0,0.0,0.0,0.0,0.0,0.0,0.0,0.0,0.0,0.0,0.0,1.0,30.0,100.376,"[ 0.  0.  0.  0.  0.  0.  1.  2.  5.  0.  0.  4.  4.  4.  7.  4.  4. 11.
 17.  9. 15. 12. 12. 15. 19. 19. 24. 23. 26. 25. 15. 24. 17. 16. 19. 16.
  8. 11. 15.  9. 10. 11.  8.  6.  7.  5.  6.  4.  4.  8.  4.  5.  1.  2.
  3.  2.  0.  0.  0.  0.  1.  1.]",100.376,61,12542,110000,Aug-18-2021_1644,"('GOOD_MED',)","(2.105, 0.0)","(2.0, -1.0)"
25,0.0,1.0,0.0,0.0,0.0,0.0,0.0,0.0,0.0,0.0,0.0,0.0,0.0,2.632,0.0,500,500000,0.005,30,True,2.0,-1.0,0.0,1.0,0.0,0.0,0.0,0.0,0.0,0.0,0.0,0.0,0.0,0.0,0.0,0.984,29.646,115.849,"[ 0.  0.  0.  0.  2.  0.  0.  1.  1.  2.  1.  3.  7.  7.  8.  8.  9.  5.
 17. 11. 13. 18. 11. 14. 16. 28. 21. 23. 12. 20. 15. 20. 12. 17. 16. 24.
 18. 12. 13.  8.  9.  7. 10.  3.  6.  7.  8.  8.  2.  5.  1.  4.  3.  1.
  2.  2.  1.  1.  0.  3.  1.  0.  0.  0.  0.  0.  1.  1.  0.  0.  0.  0.
  0.  0.  0.  1.]",116.816,75,46738,499999,Aug-18-2021_1645,"('GOOD_MED',)","(2.632, 0.0)","(2.0, -1.0)"
26,0.0,1.0,0.0,0.0,0.0,0.0,0.0,0.0,0.0,0.0,0.0,0.0,0.0,3.158,0.0,500,500000,0.005,30,True,2.0,-1.0,0.0,1.0,0.0,0.0,0.0,0.0,0.0,0.0,0.0,0.0,0.0,0.0,0.0,1.0,30.0,105.928,"[ 0.  0.  0.  0.  0.  0.  1.  1.  1.  1.  3.  3.  5.  4.  9.  7. 10. 11.
 12. 12. 15. 13. 10. 13. 21. 18. 26. 16. 22. 21. 24. 15. 20. 21. 18. 10.
 13. 10. 12.  9.  8. 16.  7.  8.  7.  8.  5.  2.  6.  7.  1.  4.  2.  1.
  3.  1.  2.  3.  0.  1.  0.  0.  1.]",105.928,62,17621,215000,Aug-18-2021_1645,"('GOOD_MED',)","(3.158, 0.0)","(2.0, -1.0)"
27,0.0,1.0,0.0,0.0,0.0,0.0,0.0,0.0,0.0,0.0,0.0,0.0,0.0,3.684,0.0,500,500000,0.005,30,True,2.0,-1.0,0.0,1.0,0.0,0.0,0.0,0.0,0.0,0.0,0.0,0.0,0.0,0.0,0.0,1.0,30.0,130.652,"[ 0.  0.  0.  0.  1.  0.  0.  2.  2.  3.  4.  3.  7.  7.  6.  8. 15.  4.
 16. 21. 15. 14. 17.  8. 17. 15. 24. 18. 16. 16. 13. 19. 18. 19. 16.  9.
 14. 13. 11.  6.  9. 14.  8.  5.  4.  6.  7.  4.  7.  6.  6.  5.  1.  6.
  3.  1.  2.  2.  1.  4.  0.  0.  2.]",130.652,62,11847,200000,Aug-18-2021_1645,"('GOOD_MED',)","(3.684, 0.0)","(2.0, -1.0)"
28,0.0,1.0,0.0,0.0,0.0,0.0,0.0,0.0,0.0,0.0,0.0,0.0,0.0,4.211,0.0,500,500000,0.005,30,True,2.0,-1.0,0.0,1.0,0.0,0.0,0.0,0.0,0.0,0.0,0.0,0.0,0.0,0.0,0.0,1.0,30.0,145.868,"[ 0.  0.  0.  0.  0.  0.  1.  0.  2.  4.  2.  5.  3.  7. 12. 12. 11. 15.
 12. 16. 18. 17. 19. 15. 17. 20. 17. 12. 10. 18. 16. 15.  9. 11. 20.  9.
 16. 16. 14.  7.  8. 10. 12.  9.  4.  6.  6.  6.  2.  4.  4.  2.  0.  3.
  2.  5.  2.  2.  2.  3.  1.  0.  2.  2.  1.  2.  0.  1.  0.  0.  1.]",145.868,70,20337,230000,Aug-18-2021_1645,"('GOOD_MED',)","(4.211, 0.0)","(2.0, -1.0)"
29,0.0,1.0,0.0,0.0,0.0,0.0,0.0,0.0,0.0,0.0,0.0,0.0,0.0,4.737,0.0,500,500000,0.005,30,True,2.0,-1.0,0.0,1.0,0.0,0.0,0.0,0.0,0.0,0.0,0.0,0.0,0.0,0.0,0.0,1.0,30.0,145.132,"[ 0.  0.  0.  0.  1.  2.  1.  1.  2.  5.  6.  5.  5.  6.  8. 12. 11. 13.
  9. 11. 13. 16. 14. 13. 11. 28. 15. 22. 18. 24. 12. 17. 12. 14. 10. 13.
 12. 10. 11.  7.  9. 10. 10. 13.  6.  6.  7.  4.  5.  4.  4.  5.  1.  6.
  2.  2.  4.  1.  3.  1.  2.  1.  0.  1.  1.  0.  1.  1.]",145.132,67,17079,235000,Aug-18-2021_1645,"('GOOD_MED',)","(4.737, 0.0)","(2.0, -1.0)"
30,0.0,1.0,0.0,0.0,0.0,0.0,0.0,0.0,0.0,0.0,0.0,0.0,0.0,5.263,0.0,500,500000,0.005,30,True,2.0,-1.0,0.0,1.0,0.0,0.0,0.0,0.0,0.0,0.0,0.0,0.0,0.0,0.0,0.0,1.0,30.0,144.264,"[ 0.  0.  0.  0.  2.  0.  2.  3.  2.  2.  5.  5.  5. 12.  8.  8. 10.  4.
 16. 14. 15. 18. 10. 22. 19. 15. 18. 21. 16.  9. 16. 22. 12. 11. 14. 11.
  7. 12. 11.  9. 12. 11. 11.  8.  6.  4.  5. 10.  4.  7.  6.  4.  3.  5.
  2.  4.  1.  3.  3.  2.  2.  0.  0.  0.  0.  0.  0.  0.  1.]",144.264,68,11131,115000,Aug-18-2021_1645,"('GOOD_MED',)","(5.263, 0.0)","(2.0, -1.0)"
31,0.0,1.0,0.0,0.0,0.0,0.0,0.0,0.0,0.0,0.0,0.0,0.0,0.0,5.789,0.0,500,500000,0.005,30,True,2.0,-1.0,0.0,1.0,0.0,0.0,0.0,0.0,0.0,0.0,0.0,0.0,0.0,0.0,0.0,1.0,30.0,170.164,"[ 0.  0.  0.  0.  1.  0.  1.  0.  4.  6.  7.  7.  8. 10. 12. 10. 18. 11.
  9. 16.  9. 15. 18. 10. 21. 15. 18. 14. 10.  7. 15. 13. 18. 16. 16. 12.
 10. 10. 12. 12.  7.  8.  7.  9.  3.  5.  8.  3.  5. 10.  5.  3.  4.  5.
  2.  1.  3.  2.  4.  1.  2.  4.  4.  1.  0.  2.  1.]",170.164,66,16746,200000,Aug-18-2021_1645,"('GOOD_MED',)","(5.789, 0.0)","(2.0, -1.0)"
32,0.0,1.0,0.0,0.0,0.0,0.0,0.0,0.0,0.0,0.0,0.0,0.0,0.0,6.316,0.0,500,500000,0.005,30,True,2.0,-1.0,0.0,1.0,0.0,0.0,0.0,0.0,0.0,0.0,0.0,0.0,0.0,0.0,0.0,1.0,30.0,130.428,"[ 0.  0.  0.  1.  1.  0.  0.  1.  0.  3.  2.  6.  6. 10.  8.  9. 10. 14.
 23. 13. 15. 15. 17. 12. 16. 27.  7. 12. 15. 16. 11. 16. 13. 11. 15.  8.
 12. 11. 10. 10.  8. 15.  9. 13. 11. 15.  6. 11.  4. 11.  9.  2.  1.  6.
  1.  0.  0.  1.  0.  1.]",130.428,59,9819,140000,Aug-18-2021_1645,"('GOOD_MED',)","(6.316, 0.0)","(2.0, -1.0)"
33,0.0,1.0,0.0,0.0,0.0,0.0,0.0,0.0,0.0,0.0,0.0,0.0,0.0,6.842,0.0,500,500000,0.005,30,True,2.0,-1.0,0.0,1.0,0.0,0.0,0.0,0.0,0.0,0.0,0.0,0.0,0.0,0.0,0.0,1.0,30.0,165.536,"[ 0.  1.  0.  0.  1.  0.  4.  5.  5.  3.  6.  5.  7.  7. 13.  6.  9. 12.
 14. 16. 18. 16. 13. 17. 12. 11. 13. 15. 17. 19. 16. 13.  8.  7. 16.  9.
 13. 11. 12. 10. 12.  6. 10.  7.  9.  2.  6.  6.  9.  7.  9.  5.  6.  7.
  4.  4.  2.  1.  1.  3.  2.  0.  0.  1.  0.  0.  0.  0.  0.  0.  1.]",165.536,70,12825,165000,Aug-18-2021_1645,"('GOOD_MED',)","(6.842, 0.0)","(2.0, -1.0)"
34,0.0,1.0,0.0,0.0,0.0,0.0,0.0,0.0,0.0,0.0,0.0,0.0,0.0,7.368,0.0,500,500000,0.005,30,True,2.0,-1.0,0.0,1.0,0.0,0.0,0.0,0.0,0.0,0.0,0.0,0.0,0.0,0.0,0.0,1.0,30.0,205.42,"[ 0.  0.  0.  0.  0.  1.  3.  5.  4.  2. 11. 10.  8. 16.  9. 12.  9. 12.
 14. 15. 15. 14. 10. 22. 19.  8. 15.  8. 15. 17. 19. 11. 10. 14. 12.  4.
 11. 11.  8.  4.  7. 10.  7.  3.  4.  6. 11.  7.  3.  1.  2.  6.  8.  4.
  6.  1.  3.  4.  7.  3.  5.  2.  2.  2.  3.  1.  1.  2.  0.  0.  1.]",205.42,70,14128,180000,Aug-18-2021_1645,"('GOOD_MED',)","(7.368, 0.0)","(2.0, -1.0)"
35,0.0,1.0,0.0,0.0,0.0,0.0,0.0,0.0,0.0,0.0,0.0,0.0,0.0,7.895,0.0,500,500000,0.005,30,True,2.0,-1.0,0.0,1.0,0.0,0.0,0.0,0.0,0.0,0.0,0.0,0.0,0.0,0.0,0.0,1.0,30.0,196.252,"[ 0.  0.  0.  0.  1.  0.  2.  2.  4.  5.  8.  8. 15. 13.  9. 11. 13. 14.
 16. 16. 13. 10.  8. 10. 15. 19. 17. 13. 21. 12. 15.  6. 10.  8. 14. 11.
 15.  4. 13.  9.  8.  6.  8.  7.  7.  9.  6.  5.  3. 10.  4.  4.  4.  1.
  4.  6.  3.  2.  3.  1.  4.  4.  2.  2.  2.  1.  1.  0.  0.  1.  0.  0.
  2.]",196.252,72,15034,170000,Aug-18-2021_1645,"('GOOD_MED',)","(7.895, 0.0)","(2.0, -1.0)"
36,0.0,1.0,0.0,0.0,0.0,0.0,0.0,0.0,0.0,0.0,0.0,0.0,0.0,8.421,0.0,500,500000,0.005,30,True,2.0,-1.0,0.0,1.0,0.0,0.0,0.0,0.0,0.0,0.0,0.0,0.0,0.0,0.0,0.0,1.0,30.0,192.904,"[ 0.  0.  0.  3.  1.  1.  3.  1.  7.  4. 10. 10.  4. 15. 11. 12. 14. 10.
 10. 13. 17. 16. 15. 14. 10. 12. 12. 11. 13. 12. 11. 16. 16. 13. 11.  7.
  8.  9.  7.  9.  6.  9.  6. 10.  5.  8.  7. 12.  8.  5.  7.  5.  6.  8.
  4.  5.  4.  5.  2.  3.  5.  1.  0.  1.]",192.904,63,11921,195000,Aug-18-2021_1645,"('GOOD_MED',)","(8.421, 0.0)","(2.0, -1.0)"
37,0.0,1.0,0.0,0.0,0.0,0.0,0.0,0.0,0.0,0.0,0.0,0.0,0.0,8.947,0.0,500,500000,0.005,30,True,2.0,-1.0,0.0,1.0,0.0,0.0,0.0,0.0,0.0,0.0,0.0,0.0,0.0,0.0,0.0,1.0,30.0,209.852,"[ 0.  0.  0.  1.  0.  1.  4.  4.  6.  5.  6. 13. 14. 17.  5.  4. 11. 14.
 16. 17. 13. 14. 16. 12. 11. 16. 14. 10.  8. 10. 10. 22. 16. 12. 12.  9.
 12. 11.  6.  4.  7.  6.  5.  6.  7.  8.  7.  2.  6.  3.  8.  7.  3.  7.
  8.  2.  7.  5.  2.  2.  1.  2.  1.  4.  2.  2.  2.  2.]",209.852,67,16143,255000,Aug-18-2021_1645,"('GOOD_MED',)","(8.947, 0.0)","(2.0, -1.0)"
38,0.0,1.0,0.0,0.0,0.0,0.0,0.0,0.0,0.0,0.0,0.0,0.0,0.0,9.474,0.0,500,500000,0.005,30,True,2.0,-1.0,0.0,1.0,0.0,0.0,0.0,0.0,0.0,0.0,0.0,0.0,0.0,0.0,0.0,1.0,30.0,187.436,"[ 0.  0.  0.  2.  2.  3.  3.  4.  3.  4. 10.  5.  8. 10. 14. 20. 10. 11.
 14. 13. 13. 13.  9. 10. 14. 12. 18. 12. 14.  9. 10. 15.  7. 15. 11.  6.
 11.  9.  8.  8.  8.  7.  9.  6. 15. 10. 10. 10.  9.  8.  6.  6. 13.  4.
  3.  4.  3.  2.  1.  2.  1.  1.  1.  1.]",187.436,63,10528,180000,Aug-18-2021_1646,"('GOOD_MED',)","(9.474, 0.0)","(2.0, -1.0)"
39,0.0,1.0,0.0,0.0,0.0,0.0,0.0,0.0,0.0,0.0,0.0,0.0,0.0,10.0,0.0,500,500000,0.005,30,True,2.0,-1.0,0.0,1.0,0.0,0.0,0.0,0.0,0.0,0.0,0.0,0.0,0.0,0.0,0.0,1.0,30.0,200.46,"[ 0.  1.  1.  0.  2.  4.  3.  6.  5.  5. 19.  4.  8.  7.  4. 13. 12. 10.
 14. 16. 10. 14. 13. 14. 15.  9. 11. 12. 16.  9. 17. 14. 15. 13.  7. 11.
 10.  8.  5.  8.  7.  9. 10.  7. 10.  5.  7.  4.  3.  9.  8. 10.  4.  8.
  8.  6.  7.  2.  3.  3.  3.  1.  1.]",200.46,62,12159,210000,Aug-18-2021_1646,"('GOOD_MED',)","(10.0, 0.0)","(2.0, -1.0)"
40,0.0,0.0,1.0,0.0,0.0,0.0,0.0,0.0,0.0,0.0,0.0,0.0,0.0,0.0,0.0,500,500000,0.005,30,True,2.0,-1.0,0.0,0.0,1.0,0.0,0.0,0.0,0.0,0.0,0.0,0.0,0.0,0.0,0.0,0.0,0.0,0.0,"[  0.   0.   0.   0.   0.   0.   0.   0.   0.   0.   0.   0.   0.   0.
   0.   0.   0.   0.   0.   0.   0.   0.   0.   0.   0.   0.   0.   0.
   0.   0. 500.]",0.0,30,0,60000,Aug-18-2021_1646,"('BAD_MED',)","(0.0, 0.0)","(2.0, -1.0)"
41,0.0,0.0,1.0,0.0,0.0,0.0,0.0,0.0,0.0,0.0,0.0,0.0,0.0,0.526,0.0,500,500000,0.005,30,True,2.0,-1.0,0.0,0.0,1.0,0.0,0.0,0.0,0.0,0.0,0.0,0.0,0.0,0.0,0.0,0.0,0.0,0.0,"[ 0.  1.  0.  0.  0.  0.  0.  0.  0.  0.  0.  1.  1.  3.  2.  2.  3.  4.
  5.  8.  9. 10. 13. 14. 21. 21. 24. 35. 26. 28. 27. 34. 26. 25. 32. 27.
 29. 16. 12.  8.  6.  7.  1.  8.  3.  0.  3.  2.  1.  1.  0.  0.  0.  1.]",45.064,53,29008,100000,Aug-18-2021_1646,"('BAD_MED',)","(0.526, 0.0)","(2.0, -1.0)"
42,0.0,0.0,1.0,0.0,0.0,0.0,0.0,0.0,0.0,0.0,0.0,0.0,0.0,1.053,0.0,500,500000,0.005,30,True,2.0,-1.0,0.0,0.0,1.0,0.0,0.0,0.0,0.0,0.0,0.0,0.0,0.0,0.0,0.0,0.0,0.0,0.0,"[ 0.  1.  0.  0.  0.  0.  1.  0.  1.  0.  0.  0.  1.  1.  2.  3.  3.  4.
  5.  7. 13.  9. 17. 14. 21. 24. 23. 26. 30. 26. 34. 31. 29. 30. 22. 28.
 15. 12. 11.  7. 10. 10. 10.  7.  2.  1.  2.  1.  0.  3.  1.  1.  1.]",49.932,52,50460,125000,Aug-18-2021_1646,"('BAD_MED',)","(1.053, 0.0)","(2.0, -1.0)"
43,0.0,0.0,1.0,0.0,0.0,0.0,0.0,0.0,0.0,0.0,0.0,0.0,0.0,1.579,0.0,500,500000,0.005,30,True,2.0,-1.0,0.0,0.0,1.0,0.0,0.0,0.0,0.0,0.0,0.0,0.0,0.0,0.0,0.0,0.0,0.0,0.0,"[ 0.  1.  0.  0.  0.  0.  0.  0.  0.  0.  0.  0.  0.  1.  4.  3.  1.  5.
  6. 13. 11. 24. 19. 16. 16. 26. 32. 22. 17. 32. 25. 24. 22. 17. 17. 23.
 20. 22. 10. 14. 10. 12.  8. 11.  3.  3.  2.  2.  2.  2.  1.  0.  0.  0.
  0.  1.]",56.564,55,74906,145000,Aug-18-2021_1646,"('BAD_MED',)","(1.579, 0.0)","(2.0, -1.0)"
44,0.0,0.0,1.0,0.0,0.0,0.0,0.0,0.0,0.0,0.0,0.0,0.0,0.0,2.105,0.0,500,500000,0.005,30,True,2.0,-1.0,0.0,0.0,1.0,0.0,0.0,0.0,0.0,0.0,0.0,0.0,0.0,0.0,0.0,0.0,0.0,0.0,"[ 0.  1.  0.  0.  0.  0.  0.  0.  0.  0.  0.  0.  2.  1.  2.  3.  4.  2.
  3.  9. 17. 15.  9. 22. 28. 23. 25. 26. 21. 24. 33. 21. 34. 33. 18.  8.
 23. 22. 12. 11.  7. 11.  7.  4.  6.  3.  2.  3.  0.  0.  1.  2.  1.  0.
  1.]",52.592,54,91944,160000,Aug-18-2021_1646,"('BAD_MED',)","(2.105, 0.0)","(2.0, -1.0)"
45,0.0,0.0,1.0,0.0,0.0,0.0,0.0,0.0,0.0,0.0,0.0,0.0,0.0,2.632,0.0,500,500000,0.005,30,True,2.0,-1.0,0.0,0.0,1.0,0.0,0.0,0.0,0.0,0.0,0.0,0.0,0.0,0.0,0.0,0.0,0.0,0.0,"[ 0.  1.  0.  0.  0.  0.  0.  0.  0.  1.  1.  2.  2.  1.  2.  7.  5.  4.
  7.  7. 13. 10. 15. 12. 21. 22. 24. 25. 30. 31. 30. 24. 20. 21. 25. 21.
 22. 14. 14. 16. 11.  7.  3.  5.  8.  5.  0.  4.  2.  0.  2.  1.  1.  1.]",59.052,53,180030,295000,Aug-18-2021_1647,"('BAD_MED',)","(2.632, 0.0)","(2.0, -1.0)"
46,0.0,0.0,1.0,0.0,0.0,0.0,0.0,0.0,0.0,0.0,0.0,0.0,0.0,3.158,0.0,500,500000,0.005,30,True,2.0,-1.0,0.0,0.0,1.0,0.0,0.0,0.0,0.0,0.0,0.0,0.0,0.0,0.0,0.0,0.0,0.0,0.0,"[ 0.  1.  0.  0.  0.  0.  0.  0.  0.  0.  0.  1.  1.  0.  2.  4.  3.  5.
  6. 10. 14. 13.  9. 19. 23. 20. 27. 20. 33. 20. 23. 26. 36. 25. 32. 21.
 23. 17. 16. 12. 10.  2.  8.  4.  3.  4.  2.  1.  1.  1.  1.  0.  0.  0.
  1.]",49.212,54,142811,240000,Aug-18-2021_1647,"('BAD_MED',)","(3.158, 0.0)","(2.0, -1.0)"
47,0.0,0.0,1.0,0.0,0.0,0.0,0.0,0.0,0.0,0.0,0.0,0.0,0.0,3.684,0.0,500,500000,0.005,30,True,2.0,-1.0,0.0,0.0,1.0,0.0,0.0,0.0,0.0,0.0,0.0,0.0,0.0,0.0,0.0,0.0,0.0,0.0,"[ 0.  1.  0.  0.  0.  0.  0.  0.  1.  0.  0.  0.  0.  2.  1.  5.  4.  1.
  5.  7. 12. 11. 13. 25. 30. 25. 28. 30. 37. 24. 26. 28. 17. 14. 19. 10.
 18. 19. 17. 17. 12.  8.  6.  7.  2.  5.  1.  4.  2.  1.  1.  0.  1.  2.
  1.]",56.076,54,280214,400000,Aug-18-2021_1648,"('BAD_MED',)","(3.684, 0.0)","(2.0, -1.0)"
48,0.0,0.0,1.0,0.0,0.0,0.0,0.0,0.0,0.0,0.0,0.0,0.0,0.0,4.211,0.0,500,500000,0.005,30,True,2.0,-1.0,0.0,0.0,1.0,0.0,0.0,0.0,0.0,0.0,0.0,0.0,0.0,0.0,0.0,0.0,0.0,0.0,"[ 0.  1.  0.  0.  0.  1.  0.  0.  0.  0.  1.  1.  0.  0.  3.  3.  5.  6.
  5. 13. 17. 14. 15. 14. 20. 19. 17. 27. 24. 25. 26. 25. 28. 19. 33. 27.
 18. 18. 21.  8. 11.  6.  6.  3.  4.  6.  3.  3.  3.  0.  0.  0.  0.  1.]",55.536,53,151513,225000,Aug-18-2021_1648,"('BAD_MED',)","(4.211, 0.0)","(2.0, -1.0)"
49,0.0,0.0,1.0,0.0,0.0,0.0,0.0,0.0,0.0,0.0,0.0,0.0,0.0,4.737,0.0,500,500000,0.005,30,True,2.0,-1.0,0.0,0.0,1.0,0.0,0.0,0.0,0.0,0.0,0.0,0.0,0.0,0.0,0.0,0.0,0.0,0.0,"[ 0.  1.  0.  0.  0.  0.  0.  0.  0.  0.  0.  0.  0.  0.  2.  1.  3.  2.
  6. 11.  9. 12. 23. 16. 28. 19. 22. 30. 35. 25. 33. 25. 30. 28. 13. 18.
 22. 18. 11. 14.  7.  8.  4.  4.  4.  4.  4.  4.  2.  1.  0.  0.  0.  1.]",47.972,53,278531,410000,Aug-18-2021_1649,"('BAD_MED',)","(4.737, 0.0)","(2.0, -1.0)"
50,0.0,0.0,1.0,0.0,0.0,0.0,0.0,0.0,0.0,0.0,0.0,0.0,0.0,5.263,0.0,500,500000,0.005,30,True,2.0,-1.0,0.0,0.0,1.0,0.0,0.0,0.0,0.0,0.0,0.0,0.0,0.0,0.0,0.0,0.0,0.0,0.0,"[ 0.  1.  0.  0.  1.  0.  0.  0.  0.  0.  1.  1.  0.  1.  1.  2.  4.  4.
  8. 13.  7. 12. 17. 13. 19. 26. 25. 22. 32. 26. 27. 31. 28. 27. 23. 23.
 21. 15.  9. 16.  9.  7.  8.  4.  3.  3.  2.  3.  1.  1.  0.  2.  0.  1.]",51.892,53,133836,190000,Aug-18-2021_1649,"('BAD_MED',)","(5.263, 0.0)","(2.0, -1.0)"
51,0.0,0.0,1.0,0.0,0.0,0.0,0.0,0.0,0.0,0.0,0.0,0.0,0.0,5.789,0.0,500,500000,0.005,30,True,2.0,-1.0,0.0,0.0,1.0,0.0,0.0,0.0,0.0,0.0,0.0,0.0,0.0,0.0,0.0,0.002,0.062,2.166,"[ 0.  1.  0.  0.  1.  0.  0.  1.  0.  0.  0.  2.  0.  1.  2.  3.  5.  2.
  9.  8.  7. 11. 23. 21. 19. 27. 19. 23. 30. 24. 24. 24. 30. 26. 23. 18.
 26. 17. 16.  6.  9.  7.  7.  8.  5.  6.  5.  1.  0.  0.  1.  0.  0.  1.
  1.]",55.836,54,315721,499999,Aug-18-2021_1649,"('BAD_MED',)","(5.789, 0.0)","(2.0, -1.0)"
52,0.0,0.0,1.0,0.0,0.0,0.0,0.0,0.0,0.0,0.0,0.0,0.0,0.0,6.316,0.0,500,500000,0.005,30,True,2.0,-1.0,0.0,0.0,1.0,0.0,0.0,0.0,0.0,0.0,0.0,0.0,0.0,0.0,0.0,0.0,0.0,0.0,"[ 0.  1.  0.  0.  0.  0.  0.  0.  1.  0.  0.  1.  0.  4.  0.  1.  3.  3.
 11. 11.  8. 16. 15. 12. 20. 15. 31. 20. 35. 23. 32. 28. 27. 27. 30. 19.
 17. 16. 13. 18. 10.  8.  7.  3.  6.  3.  2.  1.  1.  0.  0.  0.  1.]",49.236,52,325367,475000,Aug-18-2021_1650,"('BAD_MED',)","(6.316, 0.0)","(2.0, -1.0)"
53,0.0,0.0,1.0,0.0,0.0,0.0,0.0,0.0,0.0,0.0,0.0,0.0,0.0,6.842,0.0,500,500000,0.005,30,True,2.0,-1.0,0.0,0.0,1.0,0.0,0.0,0.0,0.0,0.0,0.0,0.0,0.0,0.0,0.0,0.0,0.0,0.0,"[ 0.  1.  0.  0.  0.  0.  0.  0.  1.  0.  0.  0.  0.  3.  4.  2.  6.  5.
  7. 12.  8. 16. 17. 12. 11. 21. 31. 23. 24. 30. 21. 31. 28. 33. 23. 16.
 22. 14. 14. 13. 14. 14.  4.  6.  2.  4.  4.  2.  0.  0.  0.  0.  0.  0.
  1.]",52.916,54,250968,340000,Aug-18-2021_1651,"('BAD_MED',)","(6.842, 0.0)","(2.0, -1.0)"
54,0.0,0.0,1.0,0.0,0.0,0.0,0.0,0.0,0.0,0.0,0.0,0.0,0.0,7.368,0.0,500,500000,0.005,30,True,2.0,-1.0,0.0,0.0,1.0,0.0,0.0,0.0,0.0,0.0,0.0,0.0,0.0,0.0,0.0,0.002,0.06,2.036,"[ 0.  1.  0.  0.  0.  0.  0.  0.  0.  0.  1.  0.  0.  1.  2.  4.  5.  5.
 12. 13. 13. 18. 15. 16. 17. 22. 18. 20. 18. 19. 32. 32. 26. 27. 24. 22.
 25. 17. 13. 11. 11.  8.  9.  6.  5.  4.  2.  2.  1.  2.  0.  0.  0.  0.
  1.]",56.06,54,367256,499999,Aug-18-2021_1651,"('BAD_MED',)","(7.368, 0.0)","(2.0, -1.0)"
55,0.0,0.0,1.0,0.0,0.0,0.0,0.0,0.0,0.0,0.0,0.0,0.0,0.0,7.895,0.0,500,500000,0.005,30,True,2.0,-1.0,0.0,0.0,1.0,0.0,0.0,0.0,0.0,0.0,0.0,0.0,0.0,0.0,0.0,0.0,0.0,0.0,"[ 0.  1.  0.  0.  0.  0.  0.  0.  0.  0.  0.  0.  2.  2.  1.  3.  6.  6.
  4. 10. 11. 13. 18. 15. 14. 27. 23. 31. 28. 20. 26. 28. 27. 26. 29. 21.
 20. 13. 18. 12.  9.  7. 10.  4.  3.  3.  3.  2.  1.  0.  1.  0.  1.  0.
  1.]",52.136,54,329174,455000,Aug-18-2021_1652,"('BAD_MED',)","(7.895, 0.0)","(2.0, -1.0)"
56,0.0,0.0,1.0,0.0,0.0,0.0,0.0,0.0,0.0,0.0,0.0,0.0,0.0,8.421,0.0,500,500000,0.005,30,True,2.0,-1.0,0.0,0.0,1.0,0.0,0.0,0.0,0.0,0.0,0.0,0.0,0.0,0.0,0.0,0.056,1.678,55.958,"[ 0.  1.  0.  0.  0.  0.  0.  0.  1.  0.  0.  1.  1.  3.  4.  1.  0.  3.
  4. 11. 13. 14. 15. 14. 22. 30. 28. 27. 23. 24. 35. 29. 21. 19. 20. 18.
 19. 15. 17. 20. 11.  7. 10.  5.  3.  2.  2.  2.  2.  1.  0.  0.  1.  0.
  0.  1.]",53.256,55,354882,499999,Aug-18-2021_1653,"('BAD_MED',)","(8.421, 0.0)","(2.0, -1.0)"
57,0.0,0.0,1.0,0.0,0.0,0.0,0.0,0.0,0.0,0.0,0.0,0.0,0.0,8.947,0.0,500,500000,0.005,30,True,2.0,-1.0,0.0,0.0,1.0,0.0,0.0,0.0,0.0,0.0,0.0,0.0,0.0,0.0,0.0,0.076,2.108,60.616,"[ 0.  1.  0.  0.  0.  0.  0.  0.  0.  1.  0.  0.  0.  2.  4.  5.  2.  4.
  8.  9. 11. 10. 14. 27. 15. 19. 19. 28. 27. 32. 21. 40. 28. 29. 17. 14.
 19. 16. 13. 11. 12. 13.  6.  5.  6.  3.  5.  1.  3.]",52.516,48,366300,499999,Aug-18-2021_1654,"('BAD_MED',)","(8.947, 0.0)","(2.0, -1.0)"
58,0.0,0.0,1.0,0.0,0.0,0.0,0.0,0.0,0.0,0.0,0.0,0.0,0.0,9.474,0.0,500,500000,0.005,30,True,2.0,-1.0,0.0,0.0,1.0,0.0,0.0,0.0,0.0,0.0,0.0,0.0,0.0,0.0,0.0,0.014,0.44,14.422,"[ 0.  1.  0.  0.  0.  0.  0.  0.  1.  1.  1.  0.  2.  0.  1.  4.  0.  2.
  7.  8. 17. 10. 14. 25. 16. 23. 22. 34. 29. 29. 30. 24. 33. 19. 23. 23.
  7. 18. 11.  6. 12.  8.  8.  7. 11.  4.  3.  1.  2.  1.  0.  1.  0.  1.]",54.116,53,346681,499999,Aug-18-2021_1654,"('BAD_MED',)","(9.474, 0.0)","(2.0, -1.0)"
59,0.0,0.0,1.0,0.0,0.0,0.0,0.0,0.0,0.0,0.0,0.0,0.0,0.0,10.0,0.0,500,500000,0.005,30,True,2.0,-1.0,0.0,0.0,1.0,0.0,0.0,0.0,0.0,0.0,0.0,0.0,0.0,0.0,0.0,0.002,0.002,0.01,"[ 0.  1.  0.  0.  0.  0.  0.  0.  0.  0.  1.  2.  1.  0.  1.  4.  4.  8.
  7. 11. 10. 12. 15. 15. 19. 17. 34. 28. 23. 26. 34. 24. 18. 19. 30. 21.
 20. 15. 21. 10. 10.  6. 12.  5.  3.  3.  4.  1.  1.  0.  3.  0.  0.  0.
  1.]",54.928,54,371456,499999,Aug-18-2021_1655,"('BAD_MED',)","(10.0, 0.0)","(2.0, -1.0)"
60,0.0,0.0,0.0,1.0,0.0,0.0,0.0,0.0,0.0,0.0,0.0,0.0,0.0,0.0,0.0,500,500000,0.005,30,True,2.0,-1.0,0.0,0.0,0.0,1.0,0.0,0.0,0.0,0.0,0.0,0.0,0.0,0.0,0.0,0.0,0.0,0.0,"[  0.   0.   0.   0.   0.   0.   0.   0.   0.   0.   0.   0.   0.   0.
   0.   0.   0.   0.   0.   0.   0.   0.   0.   0.   0.   0.   0.   0.
   0.   0. 500.]",0.0,30,0,35000,Aug-18-2021_1655,"('RANDOM_MED',)","(0.0, 0.0)","(2.0, -1.0)"
61,0.0,0.0,0.0,1.0,0.0,0.0,0.0,0.0,0.0,0.0,0.0,0.0,0.0,0.526,0.0,500,500000,0.005,30,True,2.0,-1.0,0.0,0.0,0.0,1.0,0.0,0.0,0.0,0.0,0.0,0.0,0.0,0.0,0.0,0.0,0.0,0.0,"[ 0.  2.  0.  0.  0.  0.  0.  0.  0.  0.  0.  1.  0.  2.  1.  3.  8.  4.
  7. 13.  8. 11. 17. 22. 14. 13. 28. 31. 20. 28. 27. 27. 18. 30. 24. 25.
 22. 12. 17. 22. 12. 12.  6.  3.  2.  1.  3.  2.  0.  1.  0.  0.  0.  1.]",52.804,53,45451,160000,Aug-18-2021_1655,"('RANDOM_MED',)","(0.526, 0.0)","(2.0, -1.0)"
62,0.0,0.0,0.0,1.0,0.0,0.0,0.0,0.0,0.0,0.0,0.0,0.0,0.0,1.053,0.0,500,500000,0.005,30,True,2.0,-1.0,0.0,0.0,0.0,1.0,0.0,0.0,0.0,0.0,0.0,0.0,0.0,0.0,0.0,0.0,0.0,0.0,"[ 0.  1.  0.  0.  0.  0.  0.  0.  0.  0.  0.  1.  1.  2.  4.  4.  6.  7.
  5. 11.  6.  5. 22. 16. 25. 24. 20. 28. 23. 32. 16. 28. 23. 25. 30. 25.
 22. 11. 14. 11. 11.  7.  7.  7.  8.  6.  1.  1.  2.  2.]",54.74,49,136505,385000,Aug-18-2021_1655,"('RANDOM_MED',)","(1.053, 0.0)","(2.0, -1.0)"
63,0.0,0.0,0.0,1.0,0.0,0.0,0.0,0.0,0.0,0.0,0.0,0.0,0.0,1.579,0.0,500,500000,0.005,30,True,2.0,-1.0,0.0,0.0,0.0,1.0,0.0,0.0,0.0,0.0,0.0,0.0,0.0,0.0,0.0,0.516,15.896,269.445,"[ 0.  1.  0.  0.  0.  0.  0.  0.  1.  0.  1.  0.  6.  2.  2.  8.  9.  8.
 11. 10. 14. 12. 15. 21. 15. 17. 19. 31. 26. 35. 15. 21. 20. 28. 15.  9.
 18. 14.  8. 14. 10.  7. 13.  4.  6.  4.  2.  6.  5.  2.  4.  2.  4.  0.
  1.  0.  0.  1.  2.  1.]",83.012,59,135244,499999,Aug-18-2021_1655,"('RANDOM_MED',)","(1.579, 0.0)","(2.0, -1.0)"
64,0.0,0.0,0.0,1.0,0.0,0.0,0.0,0.0,0.0,0.0,0.0,0.0,0.0,2.105,0.0,500,500000,0.005,30,True,2.0,-1.0,0.0,0.0,0.0,1.0,0.0,0.0,0.0,0.0,0.0,0.0,0.0,0.0,0.0,1.0,30.0,84.176,"[ 0.  0.  0.  0.  0.  0.  1.  0.  0.  1.  0.  3.  2.  3.  6.  5.  9. 13.
  9.  8. 17. 12. 23. 16. 19. 15. 29. 18. 21. 30. 17. 13. 19. 24. 18. 10.
 13. 12. 21. 14. 13. 14.  7.  8.  6.  3.  5.  3.  5.  4.  0.  3.  1.  4.
  1.  0.  0.  0.  2.]",84.176,58,22696,160000,Aug-18-2021_1656,"('RANDOM_MED',)","(2.105, 0.0)","(2.0, -1.0)"
65,0.0,0.0,0.0,1.0,0.0,0.0,0.0,0.0,0.0,0.0,0.0,0.0,0.0,2.632,0.0,500,500000,0.005,30,True,2.0,-1.0,0.0,0.0,0.0,1.0,0.0,0.0,0.0,0.0,0.0,0.0,0.0,0.0,0.0,1.0,30.0,95.3,"[ 0.  0.  0.  0.  0.  0.  0.  0.  0.  2.  1.  2.  4.  3.  3.  8.  9. 10.
 15. 12. 17. 15. 20. 16. 20. 23. 23. 16. 14. 21. 17. 23. 24. 19. 10. 15.
 10. 15. 16. 12. 11.  9. 15.  5.  7.  5.  3.  4.  6.  4.  3.  3.  3.  1.
  1.  1.  1.  1.  0.  1.  0.  0.  0.  0.  0.  0.  0.  0.  0.  0.  0.  0.
  0.  0.  0.  0.  1.]",95.3,76,32973,300000,Aug-18-2021_1656,"('RANDOM_MED',)","(2.632, 0.0)","(2.0, -1.0)"
66,0.0,0.0,0.0,1.0,0.0,0.0,0.0,0.0,0.0,0.0,0.0,0.0,0.0,3.158,0.0,500,500000,0.005,30,True,2.0,-1.0,0.0,0.0,0.0,1.0,0.0,0.0,0.0,0.0,0.0,0.0,0.0,0.0,0.0,1.0,30.0,94.76,"[ 0.  0.  0.  0.  1.  0.  0.  1.  0.  1.  1.  4.  4.  6.  2.  4.  6.  9.
 15. 15. 14. 25. 13. 23. 18. 15. 16. 17. 16. 17. 25. 19. 17. 23. 21. 18.
 13. 12. 17.  7.  9. 10. 14. 11.  8.  3.  5.  2.  5.  4.  2.  2.  2.  0.
  0.  0.  1.  2.  3.  1.  0.  1.]",94.76,61,25151,340000,Aug-18-2021_1656,"('RANDOM_MED',)","(3.158, 0.0)","(2.0, -1.0)"
67,0.0,0.0,0.0,1.0,0.0,0.0,0.0,0.0,0.0,0.0,0.0,0.0,0.0,3.684,0.0,500,500000,0.005,30,True,2.0,-1.0,0.0,0.0,0.0,1.0,0.0,0.0,0.0,0.0,0.0,0.0,0.0,0.0,0.0,1.0,30.0,95.664,"[ 0.  0.  0.  0.  0.  0.  0.  1.  0.  1.  2.  3.  8.  3.  5.  8. 12. 10.
 11.  7.  9. 11. 18. 16. 20. 24. 26. 20. 19. 16. 20. 18. 23. 23. 15. 20.
  9. 18.  9. 13. 13. 10.  7.  4.  2.  7.  9.  7.  4.  4.  2.  5.  1.  0.
  1.  1.  0.  2.  1.  0.  0.  0.  1.  0.  1.]",95.664,64,20191,165000,Aug-18-2021_1656,"('RANDOM_MED',)","(3.684, 0.0)","(2.0, -1.0)"
68,0.0,0.0,0.0,1.0,0.0,0.0,0.0,0.0,0.0,0.0,0.0,0.0,0.0,4.211,0.0,500,500000,0.005,30,True,2.0,-1.0,0.0,0.0,0.0,1.0,0.0,0.0,0.0,0.0,0.0,0.0,0.0,0.0,0.0,1.0,30.0,120.052,"[ 0.  0.  0.  0.  0.  0.  0.  1.  2.  1.  8.  4.  4.  9.  5.  7. 14. 11.
  9. 12. 17. 16. 11. 13. 16. 21. 28. 20. 14. 13. 13. 19. 11. 22. 15. 22.
 13. 13.  8. 12.  6. 11.  6. 12.  4.  9.  7.  5.  6.  9.  2.  2.  4.  2.
  2.  1.  0.  2.  1.  0.  2.  1.  2.]",120.052,62,26792,210000,Aug-18-2021_1656,"('RANDOM_MED',)","(4.211, 0.0)","(2.0, -1.0)"
69,0.0,0.0,0.0,1.0,0.0,0.0,0.0,0.0,0.0,0.0,0.0,0.0,0.0,4.737,0.0,500,500000,0.005,30,True,2.0,-1.0,0.0,0.0,0.0,1.0,0.0,0.0,0.0,0.0,0.0,0.0,0.0,0.0,0.0,1.0,30.0,108.48,"[ 0.  0.  0.  0.  0.  2.  0.  0.  1.  0.  4.  6.  5.  9.  7.  5. 12. 11.
  9. 18. 13. 12. 11. 11. 22. 15. 16. 17. 23. 19. 15. 21. 12. 22. 16. 16.
 14. 17. 20. 12. 14. 12.  4.  3.  7.  8.  4.  5.  7.  7.  1.  3.  3.  1.
  2.  1.  1.  0.  1.  1.  0.  1.  0.  1.]",108.48,63,17585,140000,Aug-18-2021_1656,"('RANDOM_MED',)","(4.737, 0.0)","(2.0, -1.0)"
70,0.0,0.0,0.0,1.0,0.0,0.0,0.0,0.0,0.0,0.0,0.0,0.0,0.0,5.263,0.0,500,500000,0.005,30,True,2.0,-1.0,0.0,0.0,0.0,1.0,0.0,0.0,0.0,0.0,0.0,0.0,0.0,0.0,0.0,1.0,30.0,121.852,"[ 0.  1.  0.  0.  0.  2.  1.  0.  1.  0.  1.  6.  9.  5.  9.  8.  5.  9.
 23. 18. 13.  7. 11. 16. 21. 18. 17. 16. 19. 18. 19. 26. 14. 12.  9. 20.
 17. 12. 14.  7.  6. 10. 10.  6.  6.  6.  8.  3. 10.  4.  2.  6.  3.  3.
  0.  4.  4.  2.  1.  1.  0.  0.  1.]",121.852,62,18632,200000,Aug-18-2021_1656,"('RANDOM_MED',)","(5.263, 0.0)","(2.0, -1.0)"
71,0.0,0.0,0.0,1.0,0.0,0.0,0.0,0.0,0.0,0.0,0.0,0.0,0.0,5.789,0.0,500,500000,0.005,30,True,2.0,-1.0,0.0,0.0,0.0,1.0,0.0,0.0,0.0,0.0,0.0,0.0,0.0,0.0,0.0,1.0,30.0,148.96,"[ 0.  0.  0.  0.  0.  3.  0.  0.  2.  5.  6.  4.  5. 10.  8. 11. 15. 18.
 15. 12. 11. 11. 15. 11. 12. 12. 14. 17. 18. 17. 17. 26. 16. 18. 15.  6.
  7.  9. 17. 14.  8. 10.  8.  4. 10. 11.  3. 10.  3.  4.  3.  2.  4.  3.
  2.  2.  1.  0.  1.  0.  4.  0.  2.  3.  2.  3.]",148.96,65,25999,175000,Aug-18-2021_1656,"('RANDOM_MED',)","(5.789, 0.0)","(2.0, -1.0)"
72,0.0,0.0,0.0,1.0,0.0,0.0,0.0,0.0,0.0,0.0,0.0,0.0,0.0,6.316,0.0,500,500000,0.005,30,True,2.0,-1.0,0.0,0.0,0.0,1.0,0.0,0.0,0.0,0.0,0.0,0.0,0.0,0.0,0.0,1.0,30.0,151.992,"[ 0.  0.  0.  0.  1.  0.  2.  0.  4.  2.  5.  6.  5.  6.  8. 11. 11.  7.
 12. 14. 16. 18. 18. 22. 22. 15. 13. 16. 21. 14. 24. 10. 13. 21. 11.  7.
 12. 19.  4.  7. 11.  5.  6.  5.  9.  7.  9.  4.  4.  6.  1.  3.  3.  5.
  2.  1.  3.  3.  3.  0.  2.  2.  1.  2.  1.  1.  1.  1.  1.  0.  1.]",151.992,70,24168,320000,Aug-18-2021_1656,"('RANDOM_MED',)","(6.316, 0.0)","(2.0, -1.0)"
73,0.0,0.0,0.0,1.0,0.0,0.0,0.0,0.0,0.0,0.0,0.0,0.0,0.0,6.842,0.0,500,500000,0.005,30,True,2.0,-1.0,0.0,0.0,0.0,1.0,0.0,0.0,0.0,0.0,0.0,0.0,0.0,0.0,0.0,1.0,30.0,132.796,"[ 0.  0.  1.  0.  1.  1.  0.  1.  2.  3.  3. 10.  5.  5.  6. 18.  5. 10.
 14.  8. 12. 20. 16. 18. 14. 15. 15. 21. 14. 18. 16. 20. 15. 11. 11. 20.
 13. 13. 14.  5.  8.  9.  9. 11.  7.  5.  9.  6.  8.  5.  3.  3.  4.  4.
  5.  4.  1.  1.  1.  1.  0.  0.  2.]",132.796,62,16895,140000,Aug-18-2021_1656,"('RANDOM_MED',)","(6.842, 0.0)","(2.0, -1.0)"
74,0.0,0.0,0.0,1.0,0.0,0.0,0.0,0.0,0.0,0.0,0.0,0.0,0.0,7.368,0.0,500,500000,0.005,30,True,2.0,-1.0,0.0,0.0,0.0,1.0,0.0,0.0,0.0,0.0,0.0,0.0,0.0,0.0,0.0,1.0,30.0,140.104,"[ 0.  0.  0.  1.  0.  1.  0.  1.  2.  3.  6.  4.  6.  9.  9.  8. 13. 11.
 16. 16. 10. 14. 14. 19. 20. 18. 14. 16. 11. 14. 12. 15. 24. 10. 19.  6.
 20.  9. 12.  6. 11. 10. 11.  7.  9. 11.  6.  4.  5.  5.  5.  5.  1.  1.
  3.  4.  1.  2.  7.  0.  0.  0.  0.  1.  0.  1.  1.]",140.104,66,20906,230000,Aug-18-2021_1656,"('RANDOM_MED',)","(7.368, 0.0)","(2.0, -1.0)"
75,0.0,0.0,0.0,1.0,0.0,0.0,0.0,0.0,0.0,0.0,0.0,0.0,0.0,7.895,0.0,500,500000,0.005,30,True,2.0,-1.0,0.0,0.0,0.0,1.0,0.0,0.0,0.0,0.0,0.0,0.0,0.0,0.0,0.0,1.0,30.0,147.496,"[ 0.  0.  2.  0.  1.  2.  1.  2.  3.  3.  1.  4.  5.  9. 11. 12.  8. 13.
 13. 15. 13. 12. 23. 18. 16. 11. 17. 13. 16. 20. 21. 15. 14.  4. 11.  9.
 12. 14. 13.  8.  5. 11.  5. 11. 11.  9.  4.  7.  7.  5. 10.  6.  4.  7.
  2.  3.  2.  2.  1.  0.  0.  1.  0.  2.]",147.496,63,17074,160000,Aug-18-2021_1656,"('RANDOM_MED',)","(7.895, 0.0)","(2.0, -1.0)"
76,0.0,0.0,0.0,1.0,0.0,0.0,0.0,0.0,0.0,0.0,0.0,0.0,0.0,8.421,0.0,500,500000,0.005,30,True,2.0,-1.0,0.0,0.0,0.0,1.0,0.0,0.0,0.0,0.0,0.0,0.0,0.0,0.0,0.0,1.0,30.0,147.552,"[ 0.  0.  0.  0.  1.  0.  5.  3.  4.  1.  3.  4.  8.  5.  7.  8. 10. 18.
  6. 13. 26. 14. 21. 19. 10. 13. 17. 13. 14. 14. 12. 19. 21. 17. 10.  3.
 18. 15.  8. 10. 15.  8. 11.  5.  2.  6.  9.  4.  4.  4.  5.  2.  7.  4.
  2.  8.  6.  2.  1.  4.  0.  0.  0.  0.  1.]",147.552,64,19069,205000,Aug-18-2021_1657,"('RANDOM_MED',)","(8.421, 0.0)","(2.0, -1.0)"
77,0.0,0.0,0.0,1.0,0.0,0.0,0.0,0.0,0.0,0.0,0.0,0.0,0.0,8.947,0.0,500,500000,0.005,30,True,2.0,-1.0,0.0,0.0,0.0,1.0,0.0,0.0,0.0,0.0,0.0,0.0,0.0,0.0,0.0,1.0,30.0,154.44,"[ 0.  0.  0.  0.  1.  1.  1.  4.  1.  7.  6.  4.  8.  8.  4.  8. 16. 13.
 14. 14. 19. 13.  8. 18. 20. 16. 16. 14. 12. 18.  7. 14. 12. 13. 17. 15.
  7. 14. 10. 12.  9. 13. 11. 11.  4.  5.  4.  7.  7.  2.  5.  7.  6.  6.
  3.  6.  1.  3.  2.  0.  0.  0.  0.  0.  0.  0.  0.  1.  0.  0.  0.  1.
  1.]",154.44,72,19815,190000,Aug-18-2021_1657,"('RANDOM_MED',)","(8.947, 0.0)","(2.0, -1.0)"
78,0.0,0.0,0.0,1.0,0.0,0.0,0.0,0.0,0.0,0.0,0.0,0.0,0.0,9.474,0.0,500,500000,0.005,30,True,2.0,-1.0,0.0,0.0,0.0,1.0,0.0,0.0,0.0,0.0,0.0,0.0,0.0,0.0,0.0,1.0,30.0,181.108,"[ 0.  0.  0.  0.  1.  3.  2.  4.  2.  5.  4.  8. 10. 10. 11. 10.  7. 14.
 14. 13. 13. 17. 16.  8. 19. 17. 19. 15. 16. 21. 11.  7. 10. 14. 11. 16.
  7. 10. 12.  7. 10.  6.  5.  8.  6.  6.  7.  4.  5.  3.  9.  6.  3.  6.
  5.  4.  1.  3.  2.  4.  3.  2.  2.  2.  2.  0.  1.  0.  0.  1.]",181.108,69,19332,165000,Aug-18-2021_1657,"('RANDOM_MED',)","(9.474, 0.0)","(2.0, -1.0)"
79,0.0,0.0,0.0,1.0,0.0,0.0,0.0,0.0,0.0,0.0,0.0,0.0,0.0,10.0,0.0,500,500000,0.005,30,True,2.0,-1.0,0.0,0.0,0.0,1.0,0.0,0.0,0.0,0.0,0.0,0.0,0.0,0.0,0.0,1.0,30.0,181.34,"[ 0.  0.  0.  0.  0.  0.  0.  3.  5.  6.  4. 14. 10.  9.  6. 11.  9. 10.
 12. 14. 15. 20. 21. 12. 16. 16. 14. 14. 18. 14. 17.  7. 13. 18.  9. 14.
  8.  6.  9. 11. 10.  8.  9.  5.  9.  7.  2.  2.  6.  5.  8.  3.  3.  8.
  5.  2.  4.  2.  0.  2.  1.  0.  2.  1.  3.  1.  1.  3.  0.  2.  0.  0.
  1.]",181.34,72,24472,205000,Aug-18-2021_1657,"('RANDOM_MED',)","(10.0, 0.0)","(2.0, -1.0)"
80,0.0,0.0,0.0,0.0,1.0,0.0,0.0,0.0,0.0,0.0,0.0,0.0,0.0,0.0,0.0,500,500000,0.005,30,True,2.0,-1.0,0.0,0.0,0.0,0.0,1.0,0.0,0.0,0.0,0.0,0.0,0.0,0.0,0.0,0.0,0.0,0.0,"[  0.   0.   0.   0.   0.   0.   0.   0.   0.   0.   0.   0.   0.   0.
   0.   0.   0.   0.   0.   0.   0.   0.   0.   0.   0.   0.   0.   0.
   0.   0. 500.]",0.0,30,0,35000,Aug-18-2021_1657,"('FAIR_MED',)","(0.0, 0.0)","(2.0, -1.0)"
81,0.0,0.0,0.0,0.0,1.0,0.0,0.0,0.0,0.0,0.0,0.0,0.0,0.0,0.526,0.0,500,500000,0.005,30,True,2.0,-1.0,0.0,0.0,0.0,0.0,1.0,0.0,0.0,0.0,0.0,0.0,0.0,0.0,0.0,0.0,0.0,0.0,"[ 0.  0.  0.  0.  1.  0.  0.  0.  0.  0.  0.  0.  0.  0.  3.  0.  6.  4.
  3.  7. 13.  8. 19. 17. 23. 21. 27. 32. 29. 27. 29. 31. 30. 32. 24. 17.
 22.  7. 10. 11. 12. 10.  5.  6.  2.  4.  3.  2.  0.  1.  0.  1.  1.]",45.54,52,21332,75000,Aug-18-2021_1657,"('FAIR_MED',)","(0.526, 0.0)","(2.0, -1.0)"
82,0.0,0.0,0.0,0.0,1.0,0.0,0.0,0.0,0.0,0.0,0.0,0.0,0.0,1.053,0.0,500,500000,0.005,30,True,2.0,-1.0,0.0,0.0,0.0,0.0,1.0,0.0,0.0,0.0,0.0,0.0,0.0,0.0,0.0,0.0,0.0,0.0,"[ 0.  1.  0.  0.  0.  0.  0.  0.  1.  0.  1.  0.  0.  2.  1.  3.  4.  2.
  5. 11. 11.  9. 16. 21. 20. 17. 25. 35. 28. 24. 34. 30. 32. 24. 18. 20.
 17. 19. 13. 10.  9.  9.  6.  2.  5.  4.  2.  0.  5.  1.  3.]",50.792,50,184589,395000,Aug-18-2021_1657,"('FAIR_MED',)","(1.053, 0.0)","(2.0, -1.0)"
83,0.0,0.0,0.0,0.0,1.0,0.0,0.0,0.0,0.0,0.0,0.0,0.0,0.0,1.579,0.0,500,500000,0.005,30,True,2.0,-1.0,0.0,0.0,0.0,0.0,1.0,0.0,0.0,0.0,0.0,0.0,0.0,0.0,0.0,0.0,0.0,0.0,"[ 0.  1.  0.  0.  0.  0.  0.  0.  1.  0.  0.  0.  1.  1.  2.  1.  3.  5.
 11.  7.  8. 15. 18. 18. 22. 32. 23. 25. 19. 21. 23. 20. 38. 24. 27. 25.
 22. 16. 16. 10. 11.  7.  7.  4.  3.  1.  4.  2.  4.  1.  1.]",51.656,50,76780,155000,Aug-18-2021_1657,"('FAIR_MED',)","(1.579, 0.0)","(2.0, -1.0)"
84,0.0,0.0,0.0,0.0,1.0,0.0,0.0,0.0,0.0,0.0,0.0,0.0,0.0,2.105,0.0,500,500000,0.005,30,True,2.0,-1.0,0.0,0.0,0.0,0.0,1.0,0.0,0.0,0.0,0.0,0.0,0.0,0.0,0.0,0.0,0.0,0.0,"[ 0.  1.  0.  0.  0.  0.  0.  0.  0.  1.  3.  1.  0.  1.  0.  4.  3.  6.
  6.  7. 12. 10. 19. 15. 17. 28. 28. 28. 29. 29. 21. 27. 17. 22. 30. 18.
 18. 23. 17.  7. 13. 11.  5.  4.  7.  5.  1.  4.  0.  0.  0.  2.]",53.868,51,167984,315000,Aug-18-2021_1658,"('FAIR_MED',)","(2.105, 0.0)","(2.0, -1.0)"
85,0.0,0.0,0.0,0.0,1.0,0.0,0.0,0.0,0.0,0.0,0.0,0.0,0.0,2.632,0.0,500,500000,0.005,30,True,2.0,-1.0,0.0,0.0,0.0,0.0,1.0,0.0,0.0,0.0,0.0,0.0,0.0,0.0,0.0,0.972,29.25,102.084,"[ 0.  1.  0.  0.  0.  0.  0.  0.  0.  0.  2.  0.  2.  4.  5.  4.  7.  9.
 16. 14. 19. 11. 16. 19. 23. 17. 13. 27. 22. 21. 28. 16. 21. 21. 17. 14.
 16. 15. 13. 11.  5. 15.  7.  7.  7.  5.  3.  4.  5.  5.  2.  3.  1.  2.
  0.  3.  1.  0.  0.  0.  0.  0.  0.  0.  0.  0.  0.  0.  0.  0.  0.  0.
  0.  0.  0.  0.  1.]",87.408,76,69093,499999,Aug-18-2021_1658,"('FAIR_MED',)","(2.632, 0.0)","(2.0, -1.0)"
86,0.0,0.0,0.0,0.0,1.0,0.0,0.0,0.0,0.0,0.0,0.0,0.0,0.0,3.158,0.0,500,500000,0.005,30,True,2.0,-1.0,0.0,0.0,0.0,0.0,1.0,0.0,0.0,0.0,0.0,0.0,0.0,0.0,0.0,1.0,30.0,88.38,"[ 0.  1.  0.  0.  1.  0.  0.  1.  1.  2.  1.  0.  2.  4.  4.  6. 10.  6.
 15.  9. 13. 13. 20. 17.  8. 29. 16. 30. 23. 16. 21. 19. 26. 20. 17. 20.
 16. 16.  9. 11. 10. 13.  8.  6.  6.  7.  3.  1.  6.  3.  3.  3.  1.  0.
  2.  0.  1.  0.  2.  0.  0.  1.  1.]",88.38,62,68596,460000,Aug-18-2021_1658,"('FAIR_MED',)","(3.158, 0.0)","(2.0, -1.0)"
87,0.0,0.0,0.0,0.0,1.0,0.0,0.0,0.0,0.0,0.0,0.0,0.0,0.0,3.684,0.0,500,500000,0.005,30,True,2.0,-1.0,0.0,0.0,0.0,0.0,1.0,0.0,0.0,0.0,0.0,0.0,0.0,0.0,0.0,1.0,30.0,108.168,"[ 0.  0.  1.  0.  0.  0.  0.  0.  4.  1.  2.  4.  2.  5.  3.  6.  8.  9.
 14. 15. 17. 16. 14. 17. 21. 17. 22. 16. 25. 18. 23. 24. 17. 12. 11. 23.
 11. 16.  8.  8.  9. 14. 12.  6.  7.  4.  8.  2.  2.  5.  3.  1.  3.  3.
  1.  1.  2.  0.  1.  0.  0.  1.  0.  2.  1.  0.  0.  2.]",108.168,67,59203,325000,Aug-18-2021_1658,"('FAIR_MED',)","(3.684, 0.0)","(2.0, -1.0)"
88,0.0,0.0,0.0,0.0,1.0,0.0,0.0,0.0,0.0,0.0,0.0,0.0,0.0,4.211,0.0,500,500000,0.005,30,True,2.0,-1.0,0.0,0.0,0.0,0.0,1.0,0.0,0.0,0.0,0.0,0.0,0.0,0.0,0.0,1.0,30.0,106.216,"[ 0.  0.  1.  0.  0.  0.  1.  0.  1.  2.  3.  1.  3.  8.  6.  4.  8.  9.
 14. 12. 19. 20. 16. 17. 17. 18. 21. 20. 20. 12. 22. 15. 22. 18. 15. 15.
 11. 11. 11. 10. 15. 14.  7.  9.  5.  5.  8.  5.  6.  4.  4.  2.  5.  0.
  2.  1.  0.  1.  0.  1.  0.  1.  1.  0.  0.  1.]",106.216,65,31196,240000,Aug-18-2021_1659,"('FAIR_MED',)","(4.211, 0.0)","(2.0, -1.0)"
89,0.0,0.0,0.0,0.0,1.0,0.0,0.0,0.0,0.0,0.0,0.0,0.0,0.0,4.737,0.0,500,500000,0.005,30,True,2.0,-1.0,0.0,0.0,0.0,0.0,1.0,0.0,0.0,0.0,0.0,0.0,0.0,0.0,0.0,1.0,30.0,115.36,"[ 0.  1.  0.  0.  0.  0.  1.  0.  0.  1.  1.  7.  6.  2.  5.  6. 13. 18.
 14. 11. 23. 14. 11. 11. 11. 27. 25. 15. 20. 17. 19. 12. 18. 17. 17. 11.
 12. 15. 12. 14.  8. 12. 10.  8.  2.  5.  6.  6.  2.  5.  3. 11.  2.  3.
  1.  3.  1.  2.  1.  0.  0.  0.  0.  1.  0.  1.]",115.36,65,76798,400000,Aug-18-2021_1659,"('FAIR_MED',)","(4.737, 0.0)","(2.0, -1.0)"
90,0.0,0.0,0.0,0.0,1.0,0.0,0.0,0.0,0.0,0.0,0.0,0.0,0.0,5.263,0.0,500,500000,0.005,30,True,2.0,-1.0,0.0,0.0,0.0,0.0,1.0,0.0,0.0,0.0,0.0,0.0,0.0,0.0,0.0,1.0,30.0,119.264,"[ 0.  0.  0.  0.  1.  0.  2.  2.  1.  3.  4.  3.  8.  4. 12.  7.  8.  9.
 14. 12.  9. 13. 14. 17. 20. 16. 19. 24. 16. 17. 17. 16. 16. 13. 14. 11.
 19. 11. 11. 17. 14. 10. 10.  7.  7.  6.  7.  7.  8.  3.  4.  4.  3.  2.
  1.  1.  0.  0.  4.  0.  0.  0.  0.  1.  1.]",119.264,64,27791,175000,Aug-18-2021_1659,"('FAIR_MED',)","(5.263, 0.0)","(2.0, -1.0)"
91,0.0,0.0,0.0,0.0,1.0,0.0,0.0,0.0,0.0,0.0,0.0,0.0,0.0,5.789,0.0,500,500000,0.005,30,True,2.0,-1.0,0.0,0.0,0.0,0.0,1.0,0.0,0.0,0.0,0.0,0.0,0.0,0.0,0.0,1.0,30.0,150.644,"[ 0.  0.  1.  0.  2.  2.  1.  2.  0.  3.  5.  4. 10.  4.  9.  8. 17. 10.
 14.  9. 14. 16. 17. 19. 18. 16. 11. 23. 12. 13. 12. 23. 15.  6. 20.  8.
  8. 16. 13.  9.  8. 15.  9. 11.  5.  4.  6.  8.  4.  3.  5.  1.  4.  3.
  3.  8.  2.  1.  0.  2.  2.  1.  2.  1.  1.  0.  0.  0.  0.  0.  0.  0.
  0.  0.  0.  1.]",150.644,75,33114,190000,Aug-18-2021_1659,"('FAIR_MED',)","(5.789, 0.0)","(2.0, -1.0)"
92,0.0,0.0,0.0,0.0,1.0,0.0,0.0,0.0,0.0,0.0,0.0,0.0,0.0,6.316,0.0,500,500000,0.005,30,True,2.0,-1.0,0.0,0.0,0.0,0.0,1.0,0.0,0.0,0.0,0.0,0.0,0.0,0.0,0.0,1.0,30.0,124.5,"[ 0.  0.  0.  0.  1.  0.  3.  4.  0.  3.  4. 11.  4.  3. 10.  7.  8. 15.
 11.  9. 11. 18. 14. 16. 15. 13. 16.  9. 17. 18. 19. 23. 21. 16. 15. 13.
 11. 18.  6. 15. 12.  6. 10.  8. 10.  7.  5.  7.  7. 11.  1.  8.  4.  0.
  2.  2.  0.  2.  0.  0.  0.  0.  1.]",124.5,62,22846,235000,Aug-18-2021_1659,"('FAIR_MED',)","(6.316, 0.0)","(2.0, -1.0)"
93,0.0,0.0,0.0,0.0,1.0,0.0,0.0,0.0,0.0,0.0,0.0,0.0,0.0,6.842,0.0,500,500000,0.005,30,True,2.0,-1.0,0.0,0.0,0.0,0.0,1.0,0.0,0.0,0.0,0.0,0.0,0.0,0.0,0.0,1.0,30.0,134.708,"[ 0.  0.  0.  1.  0.  2.  1.  4.  4.  2.  5.  6.  6.  6. 10.  8. 15. 13.
 12.  8. 16. 12. 15. 14. 16. 10. 15. 17. 18. 13. 11. 13. 11. 12.  7. 24.
 13. 16. 17. 10. 18. 13. 11.  9.  8.  3. 13.  8.  8.  5.  7.  4.  3.  3.
  0.  0.  0.  1.  1.  0.  0.  1.  0.  0.  0.  0.  0.  0.  1.]",134.708,68,21957,200000,Aug-18-2021_1659,"('FAIR_MED',)","(6.842, 0.0)","(2.0, -1.0)"
94,0.0,0.0,0.0,0.0,1.0,0.0,0.0,0.0,0.0,0.0,0.0,0.0,0.0,7.368,0.0,500,500000,0.005,30,True,2.0,-1.0,0.0,0.0,0.0,0.0,1.0,0.0,0.0,0.0,0.0,0.0,0.0,0.0,0.0,1.0,30.0,146.984,"[ 0.  0.  0.  0.  0.  1.  0.  3.  4.  7.  4.  5.  4.  7. 10. 11. 14.  8.
 13. 18. 20. 12. 14. 20. 15. 10.  6. 10. 17. 16. 20. 13. 18. 19. 12. 13.
 12. 12. 10.  8.  7. 16.  5. 11.  7. 10.  9.  6.  1.  7.  5.  6.  4.  6.
  0.  4.  1.  2.  0.  1.  0.  0.  3.  2.  1.]",146.984,64,32755,315000,Aug-18-2021_1659,"('FAIR_MED',)","(7.368, 0.0)","(2.0, -1.0)"
95,0.0,0.0,0.0,0.0,1.0,0.0,0.0,0.0,0.0,0.0,0.0,0.0,0.0,7.895,0.0,500,500000,0.005,30,True,2.0,-1.0,0.0,0.0,0.0,0.0,1.0,0.0,0.0,0.0,0.0,0.0,0.0,0.0,0.0,1.0,30.0,144.684,"[ 0.  0.  0.  0.  1.  3.  1.  3.  3.  4.  6.  6. 10. 12.  7.  7. 11.  9.
 12. 14. 10.  7. 16. 20. 11. 17. 10. 21. 18. 15. 12. 15. 11. 15. 13. 14.
 10. 17. 13. 12. 10.  6.  9. 11. 13. 11.  5.  4.  7.  9.  7.  3.  3.  6.
  1.  2.  0.  1.  3.  2.  1.]",144.684,60,23169,210000,Aug-18-2021_1659,"('FAIR_MED',)","(7.895, 0.0)","(2.0, -1.0)"
96,0.0,0.0,0.0,0.0,1.0,0.0,0.0,0.0,0.0,0.0,0.0,0.0,0.0,8.421,0.0,500,500000,0.005,30,True,2.0,-1.0,0.0,0.0,0.0,0.0,1.0,0.0,0.0,0.0,0.0,0.0,0.0,0.0,0.0,1.0,30.0,171.204,"[ 0.  0.  1.  1.  0.  3.  2.  4.  2.  6. 12. 11.  9. 10.  6.  5.  8. 12.
 13.  9. 12. 18. 19. 17.  9. 15. 10. 20. 11. 16. 12.  7. 13. 10. 10.  9.
 11. 10. 20.  8. 13. 11. 11.  7.  5. 12.  9. 10.  6.  3.  3.  7.  6.  5.
  4.  5.  6.  0.  2.  1.  0.  1.  1.  0.  0.  0.  0.  1.]",171.204,67,25954,240000,Aug-18-2021_1659,"('FAIR_MED',)","(8.421, 0.0)","(2.0, -1.0)"
97,0.0,0.0,0.0,0.0,1.0,0.0,0.0,0.0,0.0,0.0,0.0,0.0,0.0,8.947,0.0,500,500000,0.005,30,True,2.0,-1.0,0.0,0.0,0.0,0.0,1.0,0.0,0.0,0.0,0.0,0.0,0.0,0.0,0.0,1.0,30.0,182.676,"[ 0.  1.  1.  2.  1.  3.  3.  1.  4.  5.  9.  6.  6. 14.  6. 11. 10.  8.
 14. 14. 14. 11. 15. 21. 15. 16.  7. 16. 11. 14. 12. 16. 18.  7. 13. 13.
  9. 13. 13.  7.  9.  8.  6.  6.  9. 11.  7. 10.  4.  4.  5.  2.  5.  4.
  6.  3.  2.  1.  4.  0.  3.  4.  4.  1.  1.  0.  0.  0.  0.  0.  0.  1.]",182.676,71,33467,235000,Aug-18-2021_1700,"('FAIR_MED',)","(8.947, 0.0)","(2.0, -1.0)"
98,0.0,0.0,0.0,0.0,1.0,0.0,0.0,0.0,0.0,0.0,0.0,0.0,0.0,9.474,0.0,500,500000,0.005,30,True,2.0,-1.0,0.0,0.0,0.0,0.0,1.0,0.0,0.0,0.0,0.0,0.0,0.0,0.0,0.0,1.0,30.0,174.68,"[ 0.  1.  0.  1.  3.  2.  3.  7.  6.  8.  5.  3.  4.  6. 15. 13.  8. 16.
 14. 13.  9. 14. 13.  8. 12. 14. 13. 12. 13. 15. 11. 13. 12. 13.  8. 18.
 13. 11. 12. 10. 10.  9.  9.  6.  9. 10. 10.  6. 10.  9.  7.  5.  6.  6.
  3.  3.  3.  2.  1.  0.  1.  1.  1.  1.]",174.68,63,25808,215000,Aug-18-2021_1700,"('FAIR_MED',)","(9.474, 0.0)","(2.0, -1.0)"
99,0.0,0.0,0.0,0.0,1.0,0.0,0.0,0.0,0.0,0.0,0.0,0.0,0.0,10.0,0.0,500,500000,0.005,30,True,2.0,-1.0,0.0,0.0,0.0,0.0,1.0,0.0,0.0,0.0,0.0,0.0,0.0,0.0,0.0,1.0,30.0,199.172,"[ 0.  0.  0.  0.  3.  3.  3.  3.  8.  5.  6. 10. 13. 15.  7. 15. 11. 10.
 10. 12. 18. 10. 15.  9. 12. 14. 15. 12. 12. 11.  6. 11. 11. 11. 10. 13.
 11. 12.  9.  8. 15.  7.  8. 11.  3.  6. 10.  4.  5.  8. 11.  7.  7.  6.
  9.  2.  1.  1.  5.  2.  2.  2.  0.  0.  1.  2.  0.  0.  1.]",199.172,68,28354,330000,Aug-18-2021_1700,"('FAIR_MED',)","(10.0, 0.0)","(2.0, -1.0)"
